USE department_db_40031326;

INSERT INTO employee(eid, ename, age, salary) VALUES ('1001', 'Kevin_Fallion', '60', '77792.00');
INSERT INTO employee(eid, ename, age, salary) VALUES ('1002', 'Yolanda_Fallion', '48', '79845.00');
INSERT INTO employee(eid, ename, age, salary) VALUES ('1003', 'Elizabeth_Ilfit', '47', '104161.00');
INSERT INTO employee(eid, ename, age, salary) VALUES ('1004', 'Carl_Espen', '63', '60047.00');
INSERT INTO employee(eid, ename, age, salary) VALUES ('1005', 'Noemie_Abbott', '65', '98898.00');
INSERT INTO employee(eid, ename, age, salary) VALUES ('1006', 'Yolanda_Guarin', '17', '105372.00');
INSERT INTO employee(eid, ename, age, salary) VALUES ('1007', 'William_Dover', '66', '99641.00');
INSERT INTO employee(eid, ename, age, salary) VALUES ('1008', 'Carol_Fallion', '32', '25819.00');
INSERT INTO employee(eid, ename, age, salary) VALUES ('1009', 'Quentin_Dover', '71', '94498.00');
INSERT INTO employee(eid, ename, age, salary) VALUES ('1010', 'Noemie_Brosseau', '43', '106824.00');
INSERT INTO employee(eid, ename, age, salary) VALUES ('1011', 'Umberto_Jaspers', '29', '35398.00');
INSERT INTO employee(eid, ename, age, salary) VALUES ('1012', 'Noah_Holt', '22', '44871.00');
INSERT INTO employee(eid, ename, age, salary) VALUES ('1013', 'Xavier_Peters', '56', '65671.00');
INSERT INTO employee(eid, ename, age, salary) VALUES ('1014', 'Harold_Dover', '71', '69863.00');
INSERT INTO employee(eid, ename, age, salary) VALUES ('1015', 'Harold_Stevens', '73', '88752.00');
INSERT INTO employee(eid, ename, age, salary) VALUES ('1016', 'Leonard_Brosseau', '21', '72737.00');
INSERT INTO employee(eid, ename, age, salary) VALUES ('1017', 'Bob_Xertz', '35', '57718.00');
INSERT INTO employee(eid, ename, age, salary) VALUES ('1018', 'Peter_Lilliks', '21', '100983.00');
INSERT INTO employee(eid, ename, age, salary) VALUES ('1019', 'Noemie_Novits', '18', '105755.00');
INSERT INTO employee(eid, ename, age, salary) VALUES ('1020', 'Allison_Xertz', '59', '40055.00');
INSERT INTO employee(eid, ename, age, salary) VALUES ('1021', 'Yolanda_Novits', '35', '73768.00');
INSERT INTO employee(eid, ename, age, salary) VALUES ('1022', 'Jeff_Ross', '45', '91512.00');
INSERT INTO employee(eid, ename, age, salary) VALUES ('1023', 'Derrick_Ulysses', '53', '49647.00');
INSERT INTO employee(eid, ename, age, salary) VALUES ('1024', 'Wendy_Kostin', '44', '104282.00');
INSERT INTO employee(eid, ename, age, salary) VALUES ('1025', 'Elizabeth_Dover', '45', '90833.00');

INSERT INTO department(did, budget, manager_id) VALUES ('2000', '1449904', '1006');
INSERT INTO department(did, budget, manager_id) VALUES ('2001', '1215332', '1007');
INSERT INTO department(did, budget, manager_id) VALUES ('2002', '1179526', '1007');
INSERT INTO department(did, budget, manager_id) VALUES ('2003', '1410058', '1010');
INSERT INTO department(did, budget, manager_id) VALUES ('2004', '1909758', '1007');
INSERT INTO department(did, budget, manager_id) VALUES ('2005', '1222548', '1001');

INSERT INTO works(eid, did, hours_per_week) VALUES ('1001', '2003', '30');
INSERT INTO works(eid, did, hours_per_week) VALUES ('1002', '2002', '26');
INSERT INTO works(eid, did, hours_per_week) VALUES ('1003', '2004', '34');
INSERT INTO works(eid, did, hours_per_week) VALUES ('1004', '2002', '24');
INSERT INTO works(eid, did, hours_per_week) VALUES ('1005', '2004', '27');
INSERT INTO works(eid, did, hours_per_week) VALUES ('1006', '2001', '23');
INSERT INTO works(eid, did, hours_per_week) VALUES ('1007', '2002', '40');
INSERT INTO works(eid, did, hours_per_week) VALUES ('1008', '2003', '31');
INSERT INTO works(eid, did, hours_per_week) VALUES ('1009', '2001', '29');
INSERT INTO works(eid, did, hours_per_week) VALUES ('1010', '2004', '38');
INSERT INTO works(eid, did, hours_per_week) VALUES ('1011', '2004', '28');
INSERT INTO works(eid, did, hours_per_week) VALUES ('1012', '2001', '32');
INSERT INTO works(eid, did, hours_per_week) VALUES ('1013', '2005', '30');
INSERT INTO works(eid, did, hours_per_week) VALUES ('1014', '2006', '28');
INSERT INTO works(eid, did, hours_per_week) VALUES ('1015', '2003', '32');
INSERT INTO works(eid, did, hours_per_week) VALUES ('1016', '2005', '38');
INSERT INTO works(eid, did, hours_per_week) VALUES ('1017', '2005', '20');
INSERT INTO works(eid, did, hours_per_week) VALUES ('1018', '2006', '32');
INSERT INTO works(eid, did, hours_per_week) VALUES ('1019', '2002', '22');
INSERT INTO works(eid, did, hours_per_week) VALUES ('1020', '2002', '32');
INSERT INTO works(eid, did, hours_per_week) VALUES ('1021', '2005', '37');
INSERT INTO works(eid, did, hours_per_week) VALUES ('1022', '2005', '35');
INSERT INTO works(eid, did, hours_per_week) VALUES ('1023', '2004', '35');
INSERT INTO works(eid, did, hours_per_week) VALUES ('1024', '2004', '30');
INSERT INTO works(eid, did, hours_per_week) VALUES ('1025', '2005', '30');
INSERT INTO works(eid, did, hours_per_week) VALUES ('1004', '2005', '30');
INSERT INTO works(eid, did, hours_per_week) VALUES ('1015', '2003', '20');
INSERT INTO works(eid, did, hours_per_week) VALUES ('1017', '2006', '31');
INSERT INTO works(eid, did, hours_per_week) VALUES ('1021', '2005', '21');
INSERT INTO works(eid, did, hours_per_week) VALUES ('1012', '2003', '34');
INSERT INTO works(eid, did, hours_per_week) VALUES ('1012', '2006', '22');
INSERT INTO works(eid, did, hours_per_week) VALUES ('1015', '2006', '39');
INSERT INTO works(eid, did, hours_per_week) VALUES ('1023', '2001', '40');
INSERT INTO works(eid, did, hours_per_week) VALUES ('1005', '2005', '35');
INSERT INTO works(eid, did, hours_per_week) VALUES ('1011', '2006', '21');
INSERT INTO works(eid, did, hours_per_week) VALUES ('1018', '2006', '24');
INSERT INTO works(eid, did, hours_per_week) VALUES ('1009', '2002', '27');
INSERT INTO works(eid, did, hours_per_week) VALUES ('1009', '2001', '34');
INSERT INTO works(eid, did, hours_per_week) VALUES ('1009', '2002', '23');
INSERT INTO works(eid, did, hours_per_week) VALUES ('1014', '2004', '34');
INSERT INTO works(eid, did, hours_per_week) VALUES ('1001', '2003', '31');
INSERT INTO works(eid, did, hours_per_week) VALUES ('1022', '2005', '40');
INSERT INTO works(eid, did, hours_per_week) VALUES ('1021', '2004', '23');
INSERT INTO works(eid, did, hours_per_week) VALUES ('1012', '2004', '30');
INSERT INTO works(eid, did, hours_per_week) VALUES ('1013', '2002', '25');
INSERT INTO works(eid, did, hours_per_week) VALUES ('1006', '2004', '31');
INSERT INTO works(eid, did, hours_per_week) VALUES ('1016', '2004', '38');
INSERT INTO works(eid, did, hours_per_week) VALUES ('1024', '2006', '36');
INSERT INTO works(eid, did, hours_per_week) VALUES ('1021', '2006', '31');
INSERT INTO works(eid, did, hours_per_week) VALUES ('1013', '2005', '23');
