USE department_db_40031326;

INSERT INTO employee(eid, ename, age, salary) VALUES ('1001', 'Pricilla_Ulysses', '73', '63164.00');
INSERT INTO employee(eid, ename, age, salary) VALUES ('1002', 'Zara_Holt', '69', '99984.00');
INSERT INTO employee(eid, ename, age, salary) VALUES ('1003', 'Mitchell_Ulysses', '74', '36210.00');
INSERT INTO employee(eid, ename, age, salary) VALUES ('1004', 'Hayley_Ollins', '20', '10251.00');
INSERT INTO employee(eid, ename, age, salary) VALUES ('1005', 'Beatrice_Xertz', '29', '31687.00');
INSERT INTO employee(eid, ename, age, salary) VALUES ('1006', 'Mitchell_Jaspers', '72', '21496.00');
INSERT INTO employee(eid, ename, age, salary) VALUES ('1007', 'Carl_Thierry', '55', '78011.00');
INSERT INTO employee(eid, ename, age, salary) VALUES ('1008', 'Theodore_Vernic', '60', '74450.00');
INSERT INTO employee(eid, ename, age, salary) VALUES ('1009', 'Undine_Jaspers', '44', '104272.00');
INSERT INTO employee(eid, ename, age, salary) VALUES ('1010', 'Stephanie_Abbott', '48', '73684.00');
INSERT INTO employee(eid, ename, age, salary) VALUES ('1011', 'Xavier_Ilfit', '56', '95853.00');
INSERT INTO employee(eid, ename, age, salary) VALUES ('1012', 'Lucille_Ollins', '57', '20444.00');
INSERT INTO employee(eid, ename, age, salary) VALUES ('1013', 'Oscar_Novits', '49', '84342.00');
INSERT INTO employee(eid, ename, age, salary) VALUES ('1014', 'Jeff_Espen', '58', '19496.00');
INSERT INTO employee(eid, ename, age, salary) VALUES ('1015', 'Denise_Fallion', '26', '60597.00');
INSERT INTO employee(eid, ename, age, salary) VALUES ('1016', 'Umberto_Carmel', '19', '43835.00');
INSERT INTO employee(eid, ename, age, salary) VALUES ('1017', 'Elizabeth_Jaspers', '39', '86292.00');
INSERT INTO employee(eid, ename, age, salary) VALUES ('1018', 'Quinn_Novits', '70', '95704.00');
INSERT INTO employee(eid, ename, age, salary) VALUES ('1019', 'Ingrid_Ollins', '75', '93728.00');
INSERT INTO employee(eid, ename, age, salary) VALUES ('1020', 'Wendy_Peters', '54', '81477.00');
INSERT INTO employee(eid, ename, age, salary) VALUES ('1021', 'Kasey_Thierry', '64', '62567.00');
INSERT INTO employee(eid, ename, age, salary) VALUES ('1022', 'William_Mender', '62', '69834.00');
INSERT INTO employee(eid, ename, age, salary) VALUES ('1023', 'Margaret_Lilliks', '27', '77626.00');
INSERT INTO employee(eid, ename, age, salary) VALUES ('1024', 'Kasey_Vernic', '19', '77775.00');
INSERT INTO employee(eid, ename, age, salary) VALUES ('1025', 'Bob_Espen', '35', '83147.00');

INSERT INTO department(did, budget, manager_id) VALUES ('2001', '1073804', '1015');
INSERT INTO department(did, budget, manager_id) VALUES ('2002', '1964799', '1002');
INSERT INTO department(did, budget, manager_id) VALUES ('2003', '1123848', '1007');
INSERT INTO department(did, budget, manager_id) VALUES ('2004', '1107613', '1025');
INSERT INTO department(did, budget, manager_id) VALUES ('2005', '1765696', '1017');
INSERT INTO department(did, budget, manager_id) VALUES ('2006', '1606031', '1004');

INSERT INTO works(eid, did, hours_per_week) VALUES ('1001', '2006', '38');
INSERT INTO works(eid, did, hours_per_week) VALUES ('1002', '2001', '20');
INSERT INTO works(eid, did, hours_per_week) VALUES ('1003', '2006', '34');
INSERT INTO works(eid, did, hours_per_week) VALUES ('1004', '2005', '28');
INSERT INTO works(eid, did, hours_per_week) VALUES ('1005', '2005', '28');
INSERT INTO works(eid, did, hours_per_week) VALUES ('1006', '2004', '28');
INSERT INTO works(eid, did, hours_per_week) VALUES ('1007', '2005', '38');
INSERT INTO works(eid, did, hours_per_week) VALUES ('1008', '2005', '36');
INSERT INTO works(eid, did, hours_per_week) VALUES ('1009', '2005', '23');
INSERT INTO works(eid, did, hours_per_week) VALUES ('1010', '2003', '35');
INSERT INTO works(eid, did, hours_per_week) VALUES ('1011', '2003', '30');
INSERT INTO works(eid, did, hours_per_week) VALUES ('1012', '2003', '33');
INSERT INTO works(eid, did, hours_per_week) VALUES ('1013', '2001', '31');
INSERT INTO works(eid, did, hours_per_week) VALUES ('1014', '2001', '24');
INSERT INTO works(eid, did, hours_per_week) VALUES ('1015', '2002', '24');
INSERT INTO works(eid, did, hours_per_week) VALUES ('1016', '2003', '30');
INSERT INTO works(eid, did, hours_per_week) VALUES ('1017', '2004', '40');
INSERT INTO works(eid, did, hours_per_week) VALUES ('1018', '2006', '32');
INSERT INTO works(eid, did, hours_per_week) VALUES ('1019', '2005', '25');
INSERT INTO works(eid, did, hours_per_week) VALUES ('1020', '2004', '29');
INSERT INTO works(eid, did, hours_per_week) VALUES ('1021', '2002', '21');
INSERT INTO works(eid, did, hours_per_week) VALUES ('1022', '2005', '32');
INSERT INTO works(eid, did, hours_per_week) VALUES ('1023', '2001', '22');
INSERT INTO works(eid, did, hours_per_week) VALUES ('1024', '2006', '25');
INSERT INTO works(eid, did, hours_per_week) VALUES ('1025', '2004', '40');
INSERT INTO works(eid, did, hours_per_week) VALUES ('1021', '2005', '38');
INSERT INTO works(eid, did, hours_per_week) VALUES ('1006', '2004', '39');
INSERT INTO works(eid, did, hours_per_week) VALUES ('1017', '2005', '26');
INSERT INTO works(eid, did, hours_per_week) VALUES ('1009', '2006', '28');
INSERT INTO works(eid, did, hours_per_week) VALUES ('1009', '2002', '35');
INSERT INTO works(eid, did, hours_per_week) VALUES ('1007', '2005', '35');
INSERT INTO works(eid, did, hours_per_week) VALUES ('1024', '2005', '31');
INSERT INTO works(eid, did, hours_per_week) VALUES ('1007', '2002', '36');
INSERT INTO works(eid, did, hours_per_week) VALUES ('1016', '2001', '24');
INSERT INTO works(eid, did, hours_per_week) VALUES ('1003', '2005', '21');
INSERT INTO works(eid, did, hours_per_week) VALUES ('1016', '2004', '40');
INSERT INTO works(eid, did, hours_per_week) VALUES ('1025', '2002', '25');
INSERT INTO works(eid, did, hours_per_week) VALUES ('1017', '2006', '27');
INSERT INTO works(eid, did, hours_per_week) VALUES ('1006', '2001', '21');
INSERT INTO works(eid, did, hours_per_week) VALUES ('1013', '2002', '33');
INSERT INTO works(eid, did, hours_per_week) VALUES ('1012', '2005', '28');
INSERT INTO works(eid, did, hours_per_week) VALUES ('1001', '2001', '23');
INSERT INTO works(eid, did, hours_per_week) VALUES ('1018', '2005', '28');
INSERT INTO works(eid, did, hours_per_week) VALUES ('1013', '2006', '29');
INSERT INTO works(eid, did, hours_per_week) VALUES ('1014', '2005', '38');
INSERT INTO works(eid, did, hours_per_week) VALUES ('1001', '2001', '32');
INSERT INTO works(eid, did, hours_per_week) VALUES ('1025', '2001', '34');
INSERT INTO works(eid, did, hours_per_week) VALUES ('1014', '2001', '38');
INSERT INTO works(eid, did, hours_per_week) VALUES ('1002', '2005', '32');
INSERT INTO works(eid, did, hours_per_week) VALUES ('1021', '2003', '22');
