USE pharmacy_db_40031326;

INSERT INTO doctor(sin_number, doctor_name, specialty, experience) VALUES ('276748024', 'D0001', 'Family Doctor', '24');
INSERT INTO doctor(sin_number, doctor_name, specialty, experience) VALUES ('245342965', 'D0002', 'Oncologist', '8');
INSERT INTO doctor(sin_number, doctor_name, specialty, experience) VALUES ('230611278', 'D0003', 'Family Doctor', '9');
INSERT INTO doctor(sin_number, doctor_name, specialty, experience) VALUES ('225404722', 'D0004', 'Cardiologist', '5');
INSERT INTO doctor(sin_number, doctor_name, specialty, experience) VALUES ('225120572', 'D0005', 'Oncologist', '8');
INSERT INTO doctor(sin_number, doctor_name, specialty, experience) VALUES ('249513456', 'D0006', 'Family Doctor', '15');
INSERT INTO doctor(sin_number, doctor_name, specialty, experience) VALUES ('227977685', 'D0007', 'Cardiologist', '6');
INSERT INTO doctor(sin_number, doctor_name, specialty, experience) VALUES ('248547303', 'D0008', 'Oncologist', '18');
INSERT INTO doctor(sin_number, doctor_name, specialty, experience) VALUES ('288847408', 'D0009', 'Family Doctor', '21');
INSERT INTO doctor(sin_number, doctor_name, specialty, experience) VALUES ('276262592', 'D0010', 'Oncologist', '16');

INSERT INTO patient(sin_number, patient_name, address, age, primary_doctor) VALUES ('157966257', 'Margaret_Espen', '179 Rassberry Road', '37', 'D0004');
INSERT INTO patient(sin_number, patient_name, address, age, primary_doctor) VALUES ('152317629', 'George_Abbott', '149 Cranberry Lane', '44', 'D0001');
INSERT INTO patient(sin_number, patient_name, address, age, primary_doctor) VALUES ('196182643', 'Noah_Xertz', '176 Guava Lane', '93', 'D0002');
INSERT INTO patient(sin_number, patient_name, address, age, primary_doctor) VALUES ('110039057', 'Richard_Ross', '117 Mango Place', '96', 'D0010');
INSERT INTO patient(sin_number, patient_name, address, age, primary_doctor) VALUES ('134426216', 'Richard_Stevens', '124 Mango Place', '26', 'D0008');
INSERT INTO patient(sin_number, patient_name, address, age, primary_doctor) VALUES ('185634212', 'Bob_Peters', '130 Plum Crescent', '60', 'D0005');
INSERT INTO patient(sin_number, patient_name, address, age, primary_doctor) VALUES ('113816303', 'Bob_Novits', '104 Guava Lane', '87', 'D0007');
INSERT INTO patient(sin_number, patient_name, address, age, primary_doctor) VALUES ('126496171', 'Olivia_Willums', '158 Figg Road', '58', 'D0003');
INSERT INTO patient(sin_number, patient_name, address, age, primary_doctor) VALUES ('120355257', 'Oscar_Holt', '190 Rassberry Road', '42', 'D0009');
INSERT INTO patient(sin_number, patient_name, address, age, primary_doctor) VALUES ('191675304', 'Hayley_Ilfit', '119 Cranberry Lane', '32', 'D0004');
INSERT INTO patient(sin_number, patient_name, address, age, primary_doctor) VALUES ('112199750', 'Noah_Brosseau', '124 Figg Road', '67', 'D0001');
INSERT INTO patient(sin_number, patient_name, address, age, primary_doctor) VALUES ('115553487', 'Allison_Dover', '180 Durian Crescent', '53', 'D0009');
INSERT INTO patient(sin_number, patient_name, address, age, primary_doctor) VALUES ('172652275', 'Carl_Zell', '103 Mango Place', '72', 'D0009');
INSERT INTO patient(sin_number, patient_name, address, age, primary_doctor) VALUES ('122794358', 'Yolanda_Ulysses', '129 Apple Way', '43', 'D0002');
INSERT INTO patient(sin_number, patient_name, address, age, primary_doctor) VALUES ('105151648', 'Carl_Brosseau', '105 Guava Lane', '78', 'D0001');
INSERT INTO patient(sin_number, patient_name, address, age, primary_doctor) VALUES ('150396662', 'Denise_Dover', '189 Figg Road', '64', 'D0005');
INSERT INTO patient(sin_number, patient_name, address, age, primary_doctor) VALUES ('187956279', 'Hayley_Willums', '139 Cranberry Lane', '87', 'D0009');
INSERT INTO patient(sin_number, patient_name, address, age, primary_doctor) VALUES ('165631989', 'Genevieve_Holt', '142 Cranberry Lane', '74', 'D0010');
INSERT INTO patient(sin_number, patient_name, address, age, primary_doctor) VALUES ('151193245', 'Genevieve_Ross', '186 Figg Road', '67', 'D0002');
INSERT INTO patient(sin_number, patient_name, address, age, primary_doctor) VALUES ('131618976', 'Allison_Yellins', '152 Cranberry Lane', '92', 'D0008');
INSERT INTO patient(sin_number, patient_name, address, age, primary_doctor) VALUES ('165439820', 'Margaret_Dover', '165 Guava Lane', '62', 'D0007');
INSERT INTO patient(sin_number, patient_name, address, age, primary_doctor) VALUES ('129440127', 'William_Novits', '199 Guava Lane', '49', 'D0006');
INSERT INTO patient(sin_number, patient_name, address, age, primary_doctor) VALUES ('107418334', 'Undine_Ilfit', '194 Plum Crescent', '61', 'D0005');
INSERT INTO patient(sin_number, patient_name, address, age, primary_doctor) VALUES ('119325405', 'Wendy_Yellins', '170 Apple Way', '31', 'D0006');
INSERT INTO patient(sin_number, patient_name, address, age, primary_doctor) VALUES ('129885508', 'Olivia_Fallion', '139 Plum Crescent', '77', 'D0006');
INSERT INTO patient(sin_number, patient_name, address, age, primary_doctor) VALUES ('132497996', 'Kasey_Ulysses', '173 Orange Boulevard', '23', 'D0003');
INSERT INTO patient(sin_number, patient_name, address, age, primary_doctor) VALUES ('118650008', 'Richard_Ross', '197 Banana Road', '24', 'D0006');
INSERT INTO patient(sin_number, patient_name, address, age, primary_doctor) VALUES ('168473751', 'George_Mender', '136 Plum Crescent', '45', 'D0007');
INSERT INTO patient(sin_number, patient_name, address, age, primary_doctor) VALUES ('114399453', 'Derrick_Vernic', '117 Orange Boulevard', '91', 'D0008');
INSERT INTO patient(sin_number, patient_name, address, age, primary_doctor) VALUES ('184759772', 'Peter_Mender', '197 Cranberry Lane', '93', 'D0004');
INSERT INTO patient(sin_number, patient_name, address, age, primary_doctor) VALUES ('102889478', 'Julia_Fallion', '147 Cranberry Lane', '91', 'D0005');
INSERT INTO patient(sin_number, patient_name, address, age, primary_doctor) VALUES ('182641470', 'Alexander_Ross', '194 Rassberry Road', '63', 'D0004');
INSERT INTO patient(sin_number, patient_name, address, age, primary_doctor) VALUES ('163070459', 'Elizabeth_Quill', '141 Rassberry Road', '98', 'D0003');
INSERT INTO patient(sin_number, patient_name, address, age, primary_doctor) VALUES ('179600715', 'Margaret_Fallion', '165 Mango Place', '28', 'D0001');
INSERT INTO patient(sin_number, patient_name, address, age, primary_doctor) VALUES ('168213515', 'Quentin_Quill', '130 Apple Way', '88', 'D0005');
INSERT INTO patient(sin_number, patient_name, address, age, primary_doctor) VALUES ('151846102', 'Alexander_Kostin', '165 Cranberry Lane', '86', 'D0008');
INSERT INTO patient(sin_number, patient_name, address, age, primary_doctor) VALUES ('169825395', 'Xavier_Brosseau', '195 Orange Boulevard', '65', 'D0008');
INSERT INTO patient(sin_number, patient_name, address, age, primary_doctor) VALUES ('139476910', 'Undine_Abbott', '165 Figg Road', '95', 'D0002');
INSERT INTO patient(sin_number, patient_name, address, age, primary_doctor) VALUES ('160463857', 'Margaret_Guarin', '195 Banana Road', '71', 'D0009');
INSERT INTO patient(sin_number, patient_name, address, age, primary_doctor) VALUES ('121649620', 'Jeff_Espen', '104 Durian Crescent', '63', 'D0001');
INSERT INTO patient(sin_number, patient_name, address, age, primary_doctor) VALUES ('105353160', 'Margaret_Carmel', '108 Apple Way', '71', 'D0010');
INSERT INTO patient(sin_number, patient_name, address, age, primary_doctor) VALUES ('188123006', 'Tiffany_Peters', '141 Durian Crescent', '66', 'D0009');
INSERT INTO patient(sin_number, patient_name, address, age, primary_doctor) VALUES ('154073537', 'Xavier_Novits', '145 Rassberry Road', '85', 'D0001');
INSERT INTO patient(sin_number, patient_name, address, age, primary_doctor) VALUES ('185397915', 'Pricilla_Ollins', '183 Cranberry Lane', '61', 'D0002');
INSERT INTO patient(sin_number, patient_name, address, age, primary_doctor) VALUES ('195720801', 'Pricilla_Brosseau', '118 Rassberry Road', '49', 'D0009');
INSERT INTO patient(sin_number, patient_name, address, age, primary_doctor) VALUES ('158480740', 'Zara_Lilliks', '166 Figg Road', '50', 'D0006');
INSERT INTO patient(sin_number, patient_name, address, age, primary_doctor) VALUES ('185743549', 'Zara_Vernic', '133 Orange Boulevard', '92', 'D0004');
INSERT INTO patient(sin_number, patient_name, address, age, primary_doctor) VALUES ('126502382', 'Victoria_Xertz', '186 Banana Road', '94', 'D0002');
INSERT INTO patient(sin_number, patient_name, address, age, primary_doctor) VALUES ('109697452', 'Beatrice_Willums', '133 Durian Crescent', '87', 'D0001');
INSERT INTO patient(sin_number, patient_name, address, age, primary_doctor) VALUES ('105941757', 'Frank_Stevens', '134 Banana Road', '92', 'D0005');

INSERT INTO company(company_name, phone_number) VALUES ('Abbelcor', '265-914-295');
INSERT INTO company(company_name, phone_number) VALUES ('Bigelstine', '731-863-158');
INSERT INTO company(company_name, phone_number) VALUES ('Crenborr', '634-956-419');
INSERT INTO company(company_name, phone_number) VALUES ('Discus', '296-542-436');
INSERT INTO company(company_name, phone_number) VALUES ('Espurr', '768-401-418');
INSERT INTO company(company_name, phone_number) VALUES ('Gladiss', '188-300-139');
INSERT INTO company(company_name, phone_number) VALUES ('Hort', '432-689-488');
INSERT INTO company(company_name, phone_number) VALUES ('Intillis', '441-566-292');
INSERT INTO company(company_name, phone_number) VALUES ('Jolport', '615-823-568');
INSERT INTO company(company_name, phone_number) VALUES ('Klanvir', '533-234-927');

INSERT INTO pharmacy(pharmacy_name, address, phone_number) VALUES ('P0001', '124 Mango Place', '315-767-503');
INSERT INTO pharmacy(pharmacy_name, address, phone_number) VALUES ('P0002', '144 Mango Place', '242-519-136');
INSERT INTO pharmacy(pharmacy_name, address, phone_number) VALUES ('P0003', '179 Guava Lane', '915-710-306');
INSERT INTO pharmacy(pharmacy_name, address, phone_number) VALUES ('P0004', '149 Rassberry Road', '574-717-336');
INSERT INTO pharmacy(pharmacy_name, address, phone_number) VALUES ('P0005', '101 Rassberry Road', '554-899-904');
INSERT INTO pharmacy(pharmacy_name, address, phone_number) VALUES ('P0006', '112 Plum Crescent', '478-854-143');
INSERT INTO pharmacy(pharmacy_name, address, phone_number) VALUES ('P0007', '126 Cranberry Lane', '750-727-212');
INSERT INTO pharmacy(pharmacy_name, address, phone_number) VALUES ('P0008', '133 Figg Road', '307-926-628');
INSERT INTO pharmacy(pharmacy_name, address, phone_number) VALUES ('P0009', '190 Mango Place', '334-601-302');
INSERT INTO pharmacy(pharmacy_name, address, phone_number) VALUES ('P0010', '130 Durian Crescent', '196-390-406');

INSERT INTO drug(trade_name, formula, company_name) VALUES ('A12345', '...', 'Abbelcor');
INSERT INTO drug(trade_name, formula, company_name) VALUES ('B23456', '...', 'Bigelstine');
INSERT INTO drug(trade_name, formula, company_name) VALUES ('C34567', '...', 'Crenborr');
INSERT INTO drug(trade_name, formula, company_name) VALUES ('D45678', '...', 'Discus');
INSERT INTO drug(trade_name, formula, company_name) VALUES ('E56789', '...', 'Espurr');
INSERT INTO drug(trade_name, formula, company_name) VALUES ('F67890', '...', 'Gladiss');
INSERT INTO drug(trade_name, formula, company_name) VALUES ('G78901', '...', 'Hort');
INSERT INTO drug(trade_name, formula, company_name) VALUES ('H89012', '...', 'Intillis');
INSERT INTO drug(trade_name, formula, company_name) VALUES ('I90123', '...', 'Jolport');
INSERT INTO drug(trade_name, formula, company_name) VALUES ('J01234', '...', 'Klanvir');

INSERT INTO product(drug, sold_at, company_name, price) VALUES ('B23456', 'P0007', 'Bigelstine', '50.00');
INSERT INTO product(drug, sold_at, company_name, price) VALUES ('D45678', 'P0006', 'Discus', '35.00');
INSERT INTO product(drug, sold_at, company_name, price) VALUES ('B23456', 'P0010', 'Bigelstine', '35.00');
INSERT INTO product(drug, sold_at, company_name, price) VALUES ('C34567', 'P0010', 'Crenborr', '34.00');
INSERT INTO product(drug, sold_at, company_name, price) VALUES ('G78901', 'P0001', 'Hort', '16.00');
INSERT INTO product(drug, sold_at, company_name, price) VALUES ('E56789', 'P0008', 'Espurr', '54.00');
INSERT INTO product(drug, sold_at, company_name, price) VALUES ('C34567', 'P0010', 'Crenborr', '53.00');
INSERT INTO product(drug, sold_at, company_name, price) VALUES ('B23456', 'P0009', 'Bigelstine', '56.00');
INSERT INTO product(drug, sold_at, company_name, price) VALUES ('A12345', 'P0008', 'Abbelcor', '48.00');
INSERT INTO product(drug, sold_at, company_name, price) VALUES ('C34567', 'P0007', 'Crenborr', '54.00');
INSERT INTO product(drug, sold_at, company_name, price) VALUES ('B23456', 'P0001', 'Bigelstine', '23.00');
INSERT INTO product(drug, sold_at, company_name, price) VALUES ('G78901', 'P0001', 'Hort', '46.00');
INSERT INTO product(drug, sold_at, company_name, price) VALUES ('G78901', 'P0001', 'Hort', '18.00');
INSERT INTO product(drug, sold_at, company_name, price) VALUES ('I90123', 'P0007', 'Jolport', '52.00');
INSERT INTO product(drug, sold_at, company_name, price) VALUES ('E56789', 'P0002', 'Espurr', '19.00');
INSERT INTO product(drug, sold_at, company_name, price) VALUES ('E56789', 'P0009', 'Espurr', '23.00');
INSERT INTO product(drug, sold_at, company_name, price) VALUES ('A12345', 'P0007', 'Abbelcor', '13.00');
INSERT INTO product(drug, sold_at, company_name, price) VALUES ('H89012', 'P0009', 'Intillis', '58.00');
INSERT INTO product(drug, sold_at, company_name, price) VALUES ('D45678', 'P0007', 'Discus', '11.00');
INSERT INTO product(drug, sold_at, company_name, price) VALUES ('B23456', 'P0008', 'Bigelstine', '48.00');

INSERT INTO contract(pharmacy_name, company_name, start_date, end_date, text, supervisor) VALUES ('P0001', 'Abbelcor', '2015-1-23', '2019-2-8', '...', 'Ingrid_Stevens');
INSERT INTO contract(pharmacy_name, company_name, start_date, end_date, text, supervisor) VALUES ('P0002', 'Abbelcor', '2017-9-23', '2023-2-22', '...', 'Zachary_Ilfit');
INSERT INTO contract(pharmacy_name, company_name, start_date, end_date, text, supervisor) VALUES ('P0003', 'Abbelcor', '2017-1-23', '2021-2-11', '...', 'Ingrid_Ross');
INSERT INTO contract(pharmacy_name, company_name, start_date, end_date, text, supervisor) VALUES ('P0004', 'Abbelcor', '2017-2-22', '2019-0-27', '...', 'Tiffany_Holt');
INSERT INTO contract(pharmacy_name, company_name, start_date, end_date, text, supervisor) VALUES ('P0005', 'Abbelcor', '2016-7-23', '2022-4-11', '...', 'William_Willums');
INSERT INTO contract(pharmacy_name, company_name, start_date, end_date, text, supervisor) VALUES ('P0006', 'Abbelcor', '2016-11-3', '2021-10-19', '...', 'Yves_Espen');
INSERT INTO contract(pharmacy_name, company_name, start_date, end_date, text, supervisor) VALUES ('P0007', 'Abbelcor', '2016-1-27', '2019-11-14', '...', 'Alexander_Vernic');
INSERT INTO contract(pharmacy_name, company_name, start_date, end_date, text, supervisor) VALUES ('P0008', 'Abbelcor', '2016-8-1', '2019-0-17', '...', 'Pricilla_Dover');
INSERT INTO contract(pharmacy_name, company_name, start_date, end_date, text, supervisor) VALUES ('P0009', 'Abbelcor', '2016-6-18', '2019-0-18', '...', 'Jeff_Mender');
INSERT INTO contract(pharmacy_name, company_name, start_date, end_date, text, supervisor) VALUES ('P0010', 'Abbelcor', '2015-1-24', '2023-1-8', '...', 'Lucille_Quill');
INSERT INTO contract(pharmacy_name, company_name, start_date, end_date, text, supervisor) VALUES ('P0001', 'Bigelstine', '2017-11-18', '2020-0-19', '...', 'Noemie_Holt');
INSERT INTO contract(pharmacy_name, company_name, start_date, end_date, text, supervisor) VALUES ('P0002', 'Bigelstine', '2018-8-23', '2019-5-26', '...', 'Edward_Willums');
INSERT INTO contract(pharmacy_name, company_name, start_date, end_date, text, supervisor) VALUES ('P0003', 'Bigelstine', '2015-4-30', '2022-6-12', '...', 'Allison_Zell');
INSERT INTO contract(pharmacy_name, company_name, start_date, end_date, text, supervisor) VALUES ('P0004', 'Bigelstine', '2014-6-31', '2021-7-30', '...', 'Yves_Holt');
INSERT INTO contract(pharmacy_name, company_name, start_date, end_date, text, supervisor) VALUES ('P0005', 'Bigelstine', '2014-11-12', '2020-6-3', '...', 'Umberto_Brosseau');
INSERT INTO contract(pharmacy_name, company_name, start_date, end_date, text, supervisor) VALUES ('P0006', 'Bigelstine', '2015-5-20', '2022-7-14', '...', 'Wendy_Yellins');
INSERT INTO contract(pharmacy_name, company_name, start_date, end_date, text, supervisor) VALUES ('P0007', 'Bigelstine', '2015-2-13', '2020-6-28', '...', 'Pricilla_Mender');
INSERT INTO contract(pharmacy_name, company_name, start_date, end_date, text, supervisor) VALUES ('P0008', 'Bigelstine', '2014-3-20', '2021-7-3', '...', 'Margaret_Guarin');
INSERT INTO contract(pharmacy_name, company_name, start_date, end_date, text, supervisor) VALUES ('P0009', 'Bigelstine', '2014-10-10', '2022-8-29', '...', 'Olivia_Stevens');
INSERT INTO contract(pharmacy_name, company_name, start_date, end_date, text, supervisor) VALUES ('P0010', 'Bigelstine', '2014-7-4', '2019-4-18', '...', 'Pricilla_Xertz');
INSERT INTO contract(pharmacy_name, company_name, start_date, end_date, text, supervisor) VALUES ('P0001', 'Crenborr', '2016-7-1', '2023-4-13', '...', 'Quentin_Guarin');
INSERT INTO contract(pharmacy_name, company_name, start_date, end_date, text, supervisor) VALUES ('P0002', 'Crenborr', '2018-2-19', '2021-2-23', '...', 'Xandra_Ollins');
INSERT INTO contract(pharmacy_name, company_name, start_date, end_date, text, supervisor) VALUES ('P0003', 'Crenborr', '2015-5-23', '2022-3-27', '...', 'Frank_Thierry');
INSERT INTO contract(pharmacy_name, company_name, start_date, end_date, text, supervisor) VALUES ('P0004', 'Crenborr', '2017-9-7', '2020-2-1', '...', 'Harold_Ulysses');
INSERT INTO contract(pharmacy_name, company_name, start_date, end_date, text, supervisor) VALUES ('P0005', 'Crenborr', '2015-9-31', '2022-10-18', '...', 'Tiffany_Yellins');
INSERT INTO contract(pharmacy_name, company_name, start_date, end_date, text, supervisor) VALUES ('P0006', 'Crenborr', '2016-0-24', '2022-5-18', '...', 'Mitchell_Ollins');
INSERT INTO contract(pharmacy_name, company_name, start_date, end_date, text, supervisor) VALUES ('P0007', 'Crenborr', '2016-0-12', '2018-9-21', '...', 'Wendy_Jaspers');
INSERT INTO contract(pharmacy_name, company_name, start_date, end_date, text, supervisor) VALUES ('P0008', 'Crenborr', '2016-1-20', '2021-6-26', '...', 'Carol_Fallion');
INSERT INTO contract(pharmacy_name, company_name, start_date, end_date, text, supervisor) VALUES ('P0009', 'Crenborr', '2015-3-30', '2022-8-7', '...', 'Quinn_Ross');
INSERT INTO contract(pharmacy_name, company_name, start_date, end_date, text, supervisor) VALUES ('P0010', 'Crenborr', '2018-0-20', '2021-7-8', '...', 'Vincent_Willums');
INSERT INTO contract(pharmacy_name, company_name, start_date, end_date, text, supervisor) VALUES ('P0001', 'Discus', '2016-2-28', '2022-6-27', '...', 'Oscar_Xertz');
INSERT INTO contract(pharmacy_name, company_name, start_date, end_date, text, supervisor) VALUES ('P0002', 'Discus', '2015-8-26', '2020-9-19', '...', 'Quinn_Jaspers');
INSERT INTO contract(pharmacy_name, company_name, start_date, end_date, text, supervisor) VALUES ('P0003', 'Discus', '2014-9-2', '2019-2-14', '...', 'Carl_Ulysses');
INSERT INTO contract(pharmacy_name, company_name, start_date, end_date, text, supervisor) VALUES ('P0004', 'Discus', '2016-1-21', '2019-6-30', '...', 'Genevieve_Peters');
INSERT INTO contract(pharmacy_name, company_name, start_date, end_date, text, supervisor) VALUES ('P0005', 'Discus', '2016-1-27', '2021-5-20', '...', 'William_Xertz');
INSERT INTO contract(pharmacy_name, company_name, start_date, end_date, text, supervisor) VALUES ('P0006', 'Discus', '2016-3-2', '2019-0-30', '...', 'Umberto_Ross');
INSERT INTO contract(pharmacy_name, company_name, start_date, end_date, text, supervisor) VALUES ('P0007', 'Discus', '2016-7-24', '2019-8-3', '...', 'Umberto_Abbott');
INSERT INTO contract(pharmacy_name, company_name, start_date, end_date, text, supervisor) VALUES ('P0008', 'Discus', '2016-3-25', '2021-10-23', '...', 'George_Dover');
INSERT INTO contract(pharmacy_name, company_name, start_date, end_date, text, supervisor) VALUES ('P0009', 'Discus', '2017-3-5', '2021-1-14', '...', 'Victoria_Thierry');
INSERT INTO contract(pharmacy_name, company_name, start_date, end_date, text, supervisor) VALUES ('P0010', 'Discus', '2018-6-11', '2020-8-30', '...', 'Tiffany_Quill');
INSERT INTO contract(pharmacy_name, company_name, start_date, end_date, text, supervisor) VALUES ('P0001', 'Espurr', '2017-11-6', '2018-10-11', '...', 'Carl_Mender');
INSERT INTO contract(pharmacy_name, company_name, start_date, end_date, text, supervisor) VALUES ('P0002', 'Espurr', '2014-10-14', '2022-9-3', '...', 'Lucille_Ulysses');
INSERT INTO contract(pharmacy_name, company_name, start_date, end_date, text, supervisor) VALUES ('P0003', 'Espurr', '2018-7-20', '2019-9-27', '...', 'Felicity_Ulysses');
INSERT INTO contract(pharmacy_name, company_name, start_date, end_date, text, supervisor) VALUES ('P0004', 'Espurr', '2015-9-22', '2021-9-2', '...', 'Shawn_Carmel');
INSERT INTO contract(pharmacy_name, company_name, start_date, end_date, text, supervisor) VALUES ('P0005', 'Espurr', '2018-6-10', '2018-11-26', '...', 'Kasey_Brosseau');
INSERT INTO contract(pharmacy_name, company_name, start_date, end_date, text, supervisor) VALUES ('P0006', 'Espurr', '2014-7-23', '2021-5-11', '...', 'Genevieve_Abbott');
INSERT INTO contract(pharmacy_name, company_name, start_date, end_date, text, supervisor) VALUES ('P0007', 'Espurr', '2015-8-1', '2022-7-21', '...', 'Tiffany_Zell');
INSERT INTO contract(pharmacy_name, company_name, start_date, end_date, text, supervisor) VALUES ('P0008', 'Espurr', '2014-8-23', '2023-5-30', '...', 'Zara_Ross');
INSERT INTO contract(pharmacy_name, company_name, start_date, end_date, text, supervisor) VALUES ('P0009', 'Espurr', '2014-2-11', '2018-11-20', '...', 'Umberto_Quill');
INSERT INTO contract(pharmacy_name, company_name, start_date, end_date, text, supervisor) VALUES ('P0010', 'Espurr', '2014-6-6', '2023-1-15', '...', 'Hayley_Abbott');
INSERT INTO contract(pharmacy_name, company_name, start_date, end_date, text, supervisor) VALUES ('P0001', 'Gladiss', '2017-5-23', '2020-4-14', '...', 'Denise_Yellins');
INSERT INTO contract(pharmacy_name, company_name, start_date, end_date, text, supervisor) VALUES ('P0002', 'Gladiss', '2017-8-7', '2019-6-6', '...', 'Noemie_Jaspers');
INSERT INTO contract(pharmacy_name, company_name, start_date, end_date, text, supervisor) VALUES ('P0003', 'Gladiss', '2014-7-19', '2020-6-14', '...', 'Denise_Carmel');
INSERT INTO contract(pharmacy_name, company_name, start_date, end_date, text, supervisor) VALUES ('P0004', 'Gladiss', '2018-6-20', '2022-5-30', '...', 'Leonard_Kostin');
INSERT INTO contract(pharmacy_name, company_name, start_date, end_date, text, supervisor) VALUES ('P0005', 'Gladiss', '2014-10-3', '2022-2-13', '...', 'Mitchell_Lilliks');
INSERT INTO contract(pharmacy_name, company_name, start_date, end_date, text, supervisor) VALUES ('P0006', 'Gladiss', '2017-7-27', '2018-10-23', '...', 'Elizabeth_Fallion');
INSERT INTO contract(pharmacy_name, company_name, start_date, end_date, text, supervisor) VALUES ('P0007', 'Gladiss', '2017-9-10', '2020-0-15', '...', 'Carl_Abbott');
INSERT INTO contract(pharmacy_name, company_name, start_date, end_date, text, supervisor) VALUES ('P0008', 'Gladiss', '2017-9-24', '2019-7-1', '...', 'Zara_Guarin');
INSERT INTO contract(pharmacy_name, company_name, start_date, end_date, text, supervisor) VALUES ('P0009', 'Gladiss', '2017-2-21', '2022-1-6', '...', 'Zara_Lilliks');
INSERT INTO contract(pharmacy_name, company_name, start_date, end_date, text, supervisor) VALUES ('P0010', 'Gladiss', '2016-4-16', '2022-0-21', '...', 'Julia_Ross');
INSERT INTO contract(pharmacy_name, company_name, start_date, end_date, text, supervisor) VALUES ('P0001', 'Hort', '2018-7-20', '2021-9-21', '...', 'Shawn_Jaspers');
INSERT INTO contract(pharmacy_name, company_name, start_date, end_date, text, supervisor) VALUES ('P0002', 'Hort', '2016-11-16', '2022-9-7', '...', 'Peter_Quill');
INSERT INTO contract(pharmacy_name, company_name, start_date, end_date, text, supervisor) VALUES ('P0003', 'Hort', '2015-4-9', '2021-9-16', '...', 'Harold_Lilliks');
INSERT INTO contract(pharmacy_name, company_name, start_date, end_date, text, supervisor) VALUES ('P0004', 'Hort', '2016-10-11', '2021-10-3', '...', 'Noah_Stevens');
INSERT INTO contract(pharmacy_name, company_name, start_date, end_date, text, supervisor) VALUES ('P0005', 'Hort', '2015-11-8', '2019-9-22', '...', 'Oscar_Ross');
INSERT INTO contract(pharmacy_name, company_name, start_date, end_date, text, supervisor) VALUES ('P0006', 'Hort', '2015-3-9', '2023-4-14', '...', 'Jeff_Brosseau');
INSERT INTO contract(pharmacy_name, company_name, start_date, end_date, text, supervisor) VALUES ('P0007', 'Hort', '2015-10-20', '2020-7-5', '...', 'Harold_Thierry');
INSERT INTO contract(pharmacy_name, company_name, start_date, end_date, text, supervisor) VALUES ('P0008', 'Hort', '2014-6-10', '2022-1-18', '...', 'Rachel_Holt');
INSERT INTO contract(pharmacy_name, company_name, start_date, end_date, text, supervisor) VALUES ('P0009', 'Hort', '2017-0-28', '2020-9-3', '...', 'Theodore_Abbott');
INSERT INTO contract(pharmacy_name, company_name, start_date, end_date, text, supervisor) VALUES ('P0010', 'Hort', '2015-0-7', '2019-11-21', '...', 'Wendy_Quill');
INSERT INTO contract(pharmacy_name, company_name, start_date, end_date, text, supervisor) VALUES ('P0001', 'Intillis', '2017-5-23', '2023-1-11', '...', 'Ingrid_Thierry');
INSERT INTO contract(pharmacy_name, company_name, start_date, end_date, text, supervisor) VALUES ('P0002', 'Intillis', '2015-3-20', '2019-7-25', '...', 'Margaret_Holt');
INSERT INTO contract(pharmacy_name, company_name, start_date, end_date, text, supervisor) VALUES ('P0003', 'Intillis', '2015-7-15', '2021-11-22', '...', 'Kevin_Willums');
INSERT INTO contract(pharmacy_name, company_name, start_date, end_date, text, supervisor) VALUES ('P0004', 'Intillis', '2015-7-23', '2021-3-18', '...', 'Allison_Ilfit');
INSERT INTO contract(pharmacy_name, company_name, start_date, end_date, text, supervisor) VALUES ('P0005', 'Intillis', '2016-5-19', '2018-10-25', '...', 'Zara_Willums');
INSERT INTO contract(pharmacy_name, company_name, start_date, end_date, text, supervisor) VALUES ('P0006', 'Intillis', '2014-0-19', '2021-8-22', '...', 'Shawn_Carmel');
INSERT INTO contract(pharmacy_name, company_name, start_date, end_date, text, supervisor) VALUES ('P0007', 'Intillis', '2017-5-20', '2020-3-23', '...', 'Richard_Guarin');
INSERT INTO contract(pharmacy_name, company_name, start_date, end_date, text, supervisor) VALUES ('P0008', 'Intillis', '2018-4-11', '2023-3-16', '...', 'Denise_Brosseau');
INSERT INTO contract(pharmacy_name, company_name, start_date, end_date, text, supervisor) VALUES ('P0009', 'Intillis', '2014-8-12', '2019-10-1', '...', 'Umberto_Fallion');
INSERT INTO contract(pharmacy_name, company_name, start_date, end_date, text, supervisor) VALUES ('P0010', 'Intillis', '2014-7-31', '2018-11-7', '...', 'Richard_Ollins');
INSERT INTO contract(pharmacy_name, company_name, start_date, end_date, text, supervisor) VALUES ('P0001', 'Jolport', '2016-0-18', '2020-10-15', '...', 'Julia_Holt');
INSERT INTO contract(pharmacy_name, company_name, start_date, end_date, text, supervisor) VALUES ('P0002', 'Jolport', '2016-5-20', '2023-2-12', '...', 'Vincent_Stevens');
INSERT INTO contract(pharmacy_name, company_name, start_date, end_date, text, supervisor) VALUES ('P0003', 'Jolport', '2016-2-21', '2022-1-1', '...', 'Oscar_Yellins');
INSERT INTO contract(pharmacy_name, company_name, start_date, end_date, text, supervisor) VALUES ('P0004', 'Jolport', '2017-4-18', '2020-8-23', '...', 'Yolanda_Jaspers');
INSERT INTO contract(pharmacy_name, company_name, start_date, end_date, text, supervisor) VALUES ('P0005', 'Jolport', '2015-9-16', '2019-11-6', '...', 'Mitchell_Ross');
INSERT INTO contract(pharmacy_name, company_name, start_date, end_date, text, supervisor) VALUES ('P0006', 'Jolport', '2017-11-23', '2020-6-23', '...', 'Ingrid_Willums');
INSERT INTO contract(pharmacy_name, company_name, start_date, end_date, text, supervisor) VALUES ('P0007', 'Jolport', '2015-7-28', '2022-1-24', '...', 'Umberto_Fallion');
INSERT INTO contract(pharmacy_name, company_name, start_date, end_date, text, supervisor) VALUES ('P0008', 'Jolport', '2018-7-29', '2022-11-24', '...', 'Noah_Xertz');
INSERT INTO contract(pharmacy_name, company_name, start_date, end_date, text, supervisor) VALUES ('P0009', 'Jolport', '2017-9-24', '2022-6-11', '...', 'Noah_Peters');
INSERT INTO contract(pharmacy_name, company_name, start_date, end_date, text, supervisor) VALUES ('P0010', 'Jolport', '2015-10-12', '2019-6-27', '...', 'Yves_Ulysses');
INSERT INTO contract(pharmacy_name, company_name, start_date, end_date, text, supervisor) VALUES ('P0001', 'Klanvir', '2016-5-11', '2021-9-28', '...', 'Zara_Xertz');
INSERT INTO contract(pharmacy_name, company_name, start_date, end_date, text, supervisor) VALUES ('P0002', 'Klanvir', '2016-9-4', '2021-7-17', '...', 'Xavier_Fallion');
INSERT INTO contract(pharmacy_name, company_name, start_date, end_date, text, supervisor) VALUES ('P0003', 'Klanvir', '2014-7-6', '2020-11-6', '...', 'George_Willums');
INSERT INTO contract(pharmacy_name, company_name, start_date, end_date, text, supervisor) VALUES ('P0004', 'Klanvir', '2018-3-17', '2019-3-27', '...', 'Zara_Mender');
INSERT INTO contract(pharmacy_name, company_name, start_date, end_date, text, supervisor) VALUES ('P0005', 'Klanvir', '2016-1-18', '2023-5-8', '...', 'Yolanda_Fallion');
INSERT INTO contract(pharmacy_name, company_name, start_date, end_date, text, supervisor) VALUES ('P0006', 'Klanvir', '2014-11-26', '2021-11-27', '...', 'George_Novits');
INSERT INTO contract(pharmacy_name, company_name, start_date, end_date, text, supervisor) VALUES ('P0007', 'Klanvir', '2014-4-8', '2022-4-27', '...', 'Xavier_Mender');
INSERT INTO contract(pharmacy_name, company_name, start_date, end_date, text, supervisor) VALUES ('P0008', 'Klanvir', '2014-2-3', '2022-10-28', '...', 'Denise_Stevens');
INSERT INTO contract(pharmacy_name, company_name, start_date, end_date, text, supervisor) VALUES ('P0009', 'Klanvir', '2018-5-10', '2022-4-1', '...', 'Carol_Ross');
INSERT INTO contract(pharmacy_name, company_name, start_date, end_date, text, supervisor) VALUES ('P0010', 'Klanvir', '2018-6-15', '2020-6-31', '...', 'Mitchell_Abbott');

INSERT INTO perscription(drug, patient_name, doctor_name, given_date, quantity) VALUES ('D45678', 'Quentin_Quill', 'D0001', '2018-6-9', '28');
INSERT INTO perscription(drug, patient_name, doctor_name, given_date, quantity) VALUES ('H89012', 'Carl_Brosseau', 'D0001', '2018-6-30', '79');
INSERT INTO perscription(drug, patient_name, doctor_name, given_date, quantity) VALUES ('I90123', 'Tiffany_Peters', 'D0006', '2018-9-6', '57');
INSERT INTO perscription(drug, patient_name, doctor_name, given_date, quantity) VALUES ('E56789', 'Pricilla_Ollins', 'D0010', '2018-6-8', '83');
INSERT INTO perscription(drug, patient_name, doctor_name, given_date, quantity) VALUES ('I90123', 'Hayley_Willums', 'D0002', '2018-7-28', '45');
INSERT INTO perscription(drug, patient_name, doctor_name, given_date, quantity) VALUES ('G78901', 'Frank_Stevens', 'D0006', '2018-7-28', '103');
INSERT INTO perscription(drug, patient_name, doctor_name, given_date, quantity) VALUES ('F67890', 'Noah_Xertz', 'D0010', '2018-7-29', '112');
INSERT INTO perscription(drug, patient_name, doctor_name, given_date, quantity) VALUES ('H89012', 'Allison_Yellins', 'D0002', '2018-7-19', '91');
INSERT INTO perscription(drug, patient_name, doctor_name, given_date, quantity) VALUES ('A12345', 'Bob_Peters', 'D0010', '2018-8-3', '56');
INSERT INTO perscription(drug, patient_name, doctor_name, given_date, quantity) VALUES ('I90123', 'Oscar_Holt', 'D0007', '2018-6-11', '26');
INSERT INTO perscription(drug, patient_name, doctor_name, given_date, quantity) VALUES ('A12345', 'Margaret_Espen', 'D0009', '2018-6-8', '39');
INSERT INTO perscription(drug, patient_name, doctor_name, given_date, quantity) VALUES ('B23456', 'Richard_Ross', 'D0008', '2018-6-4', '42');
INSERT INTO perscription(drug, patient_name, doctor_name, given_date, quantity) VALUES ('D45678', 'Oscar_Holt', 'D0001', '2018-8-4', '93');
INSERT INTO perscription(drug, patient_name, doctor_name, given_date, quantity) VALUES ('B23456', 'Frank_Stevens', 'D0005', '2018-6-24', '49');
INSERT INTO perscription(drug, patient_name, doctor_name, given_date, quantity) VALUES ('A12345', 'Elizabeth_Quill', 'D0005', '2018-8-25', '32');
INSERT INTO perscription(drug, patient_name, doctor_name, given_date, quantity) VALUES ('E56789', 'Richard_Stevens', 'D0010', '2018-8-17', '42');
INSERT INTO perscription(drug, patient_name, doctor_name, given_date, quantity) VALUES ('C34567', 'Allison_Yellins', 'D0004', '2018-8-4', '118');
INSERT INTO perscription(drug, patient_name, doctor_name, given_date, quantity) VALUES ('D45678', 'George_Abbott', 'D0006', '2018-6-7', '106');
INSERT INTO perscription(drug, patient_name, doctor_name, given_date, quantity) VALUES ('H89012', 'Oscar_Holt', 'D0003', '2018-6-18', '78');
INSERT INTO perscription(drug, patient_name, doctor_name, given_date, quantity) VALUES ('A12345', 'Denise_Dover', 'D0006', '2018-6-16', '88');
INSERT INTO perscription(drug, patient_name, doctor_name, given_date, quantity) VALUES ('C34567', 'William_Novits', 'D0009', '2018-9-4', '66');
INSERT INTO perscription(drug, patient_name, doctor_name, given_date, quantity) VALUES ('F67890', 'Frank_Stevens', 'D0007', '2018-7-30', '32');
INSERT INTO perscription(drug, patient_name, doctor_name, given_date, quantity) VALUES ('B23456', 'Zara_Lilliks', 'D0009', '2018-8-11', '44');
INSERT INTO perscription(drug, patient_name, doctor_name, given_date, quantity) VALUES ('D45678', 'Carl_Zell', 'D0007', '2018-7-3', '81');
INSERT INTO perscription(drug, patient_name, doctor_name, given_date, quantity) VALUES ('J01234', 'Allison_Yellins', 'D0007', '2018-8-26', '25');
