USE pharmacy_db_40031326;

INSERT INTO patient(sin_number, patient_name, address, age, primary_doctor) VALUES (199830903, Lucille_Kostin, 186 Mango Place, 43, D0005);
INSERT INTO patient(sin_number, patient_name, address, age, primary_doctor) VALUES (116120016, Noemie_Espen, 176 Cranberry Lane, 37, D0002);
INSERT INTO patient(sin_number, patient_name, address, age, primary_doctor) VALUES (141165216, Bob_Quill, 150 Durian Crescent, 64, D0005);
INSERT INTO patient(sin_number, patient_name, address, age, primary_doctor) VALUES (128232261, Umberto_Xertz, 140 Guava Lane, 84, D0003);
INSERT INTO patient(sin_number, patient_name, address, age, primary_doctor) VALUES (118710685, Denise_Quill, 167 Banana Road, 81, D0009);
INSERT INTO patient(sin_number, patient_name, address, age, primary_doctor) VALUES (196196530, Kevin_Holt, 125 Figg Road, 28, D0009);
INSERT INTO patient(sin_number, patient_name, address, age, primary_doctor) VALUES (127296109, Elizabeth_Xertz, 181 Apple Way, 31, D0010);
INSERT INTO patient(sin_number, patient_name, address, age, primary_doctor) VALUES (112545934, Allison_Willums, 185 Orange Boulevard, 55, D0002);
INSERT INTO patient(sin_number, patient_name, address, age, primary_doctor) VALUES (145658663, Lucille_Ulysses, 137 Banana Road, 28, D0010);
INSERT INTO patient(sin_number, patient_name, address, age, primary_doctor) VALUES (182300114, Alexander_Zell, 116 Cranberry Lane, 26, D0004);
INSERT INTO patient(sin_number, patient_name, address, age, primary_doctor) VALUES (130157285, Shawn_Novits, 124 Banana Road, 47, D0003);
INSERT INTO patient(sin_number, patient_name, address, age, primary_doctor) VALUES (170879035, Yolanda_Willums, 113 Cranberry Lane, 74, D0002);
INSERT INTO patient(sin_number, patient_name, address, age, primary_doctor) VALUES (126264437, Yves_Ulysses, 179 Banana Road, 71, D0006);
INSERT INTO patient(sin_number, patient_name, address, age, primary_doctor) VALUES (129419567, Zachary_Vernic, 105 Mango Place, 28, D0001);
INSERT INTO patient(sin_number, patient_name, address, age, primary_doctor) VALUES (111760940, Xavier_Peters, 145 Mango Place, 53, D0010);
INSERT INTO patient(sin_number, patient_name, address, age, primary_doctor) VALUES (146917605, Xandra_Ulysses, 103 Banana Road, 66, D0005);
INSERT INTO patient(sin_number, patient_name, address, age, primary_doctor) VALUES (147077594, Quinn_Stevens, 103 Apple Way, 37, D0006);
INSERT INTO patient(sin_number, patient_name, address, age, primary_doctor) VALUES (190988684, Edward_Brosseau, 166 Banana Road, 53, D0009);
INSERT INTO patient(sin_number, patient_name, address, age, primary_doctor) VALUES (176996813, Lucille_Ulysses, 148 Apple Way, 39, D0008);
INSERT INTO patient(sin_number, patient_name, address, age, primary_doctor) VALUES (132496370, Harold_Holt, 169 Rassberry Road, 88, D0007);
INSERT INTO patient(sin_number, patient_name, address, age, primary_doctor) VALUES (188558589, Ingrid_Xertz, 101 Apple Way, 75, D0002);
INSERT INTO patient(sin_number, patient_name, address, age, primary_doctor) VALUES (137906568, Frank_Quill, 144 Mango Place, 87, D0009);
INSERT INTO patient(sin_number, patient_name, address, age, primary_doctor) VALUES (110893762, Yolanda_Carmel, 191 Rassberry Road, 57, D0010);
INSERT INTO patient(sin_number, patient_name, address, age, primary_doctor) VALUES (109465703, Peter_Ulysses, 186 Orange Boulevard, 89, D0007);
INSERT INTO patient(sin_number, patient_name, address, age, primary_doctor) VALUES (105468851, Theodore_Ollins, 151 Durian Crescent, 63, D0006);
INSERT INTO patient(sin_number, patient_name, address, age, primary_doctor) VALUES (188457226, Umberto_Espen, 131 Plum Crescent, 78, D0001);
INSERT INTO patient(sin_number, patient_name, address, age, primary_doctor) VALUES (157911760, Zara_Abbott, 109 Figg Road, 27, D0001);
INSERT INTO patient(sin_number, patient_name, address, age, primary_doctor) VALUES (135588647, Quentin_Novits, 125 Banana Road, 62, D0007);
INSERT INTO patient(sin_number, patient_name, address, age, primary_doctor) VALUES (194250883, Zachary_Vernic, 114 Mango Place, 23, D0001);
INSERT INTO patient(sin_number, patient_name, address, age, primary_doctor) VALUES (150045063, Rachel_Ilfit, 102 Plum Crescent, 45, D0010);
INSERT INTO patient(sin_number, patient_name, address, age, primary_doctor) VALUES (167663633, Harold_Thierry, 158 Durian Crescent, 70, D0003);
INSERT INTO patient(sin_number, patient_name, address, age, primary_doctor) VALUES (130172141, Denise_Peters, 157 Figg Road, 37, D0009);
INSERT INTO patient(sin_number, patient_name, address, age, primary_doctor) VALUES (124296762, Elizabeth_Novits, 131 Apple Way, 21, D0002);
INSERT INTO patient(sin_number, patient_name, address, age, primary_doctor) VALUES (132305601, Carol_Thierry, 190 Banana Road, 75, D0006);
INSERT INTO patient(sin_number, patient_name, address, age, primary_doctor) VALUES (112435780, Yves_Xertz, 153 Apple Way, 63, D0001);
INSERT INTO patient(sin_number, patient_name, address, age, primary_doctor) VALUES (105895961, Wendy_Ulysses, 169 Figg Road, 68, D0010);
INSERT INTO patient(sin_number, patient_name, address, age, primary_doctor) VALUES (177428305, Xandra_Abbott, 100 Figg Road, 71, D0006);
INSERT INTO patient(sin_number, patient_name, address, age, primary_doctor) VALUES (129486636, Oscar_Zell, 136 Mango Place, 38, D0006);
INSERT INTO patient(sin_number, patient_name, address, age, primary_doctor) VALUES (187896216, Kasey_Brosseau, 144 Figg Road, 92, D0006);
INSERT INTO patient(sin_number, patient_name, address, age, primary_doctor) VALUES (125630372, Ingrid_Ollins, 103 Figg Road, 30, D0002);
INSERT INTO patient(sin_number, patient_name, address, age, primary_doctor) VALUES (185774215, Hayley_Lilliks, 113 Durian Crescent, 20, D0009);
INSERT INTO patient(sin_number, patient_name, address, age, primary_doctor) VALUES (135245355, Elizabeth_Brosseau, 198 Banana Road, 89, D0010);
INSERT INTO patient(sin_number, patient_name, address, age, primary_doctor) VALUES (139106352, Olivia_Kostin, 173 Cranberry Lane, 42, D0009);
INSERT INTO patient(sin_number, patient_name, address, age, primary_doctor) VALUES (113573968, Richard_Yellins, 158 Banana Road, 76, D0005);
INSERT INTO patient(sin_number, patient_name, address, age, primary_doctor) VALUES (192807433, Denise_Zell, 183 Banana Road, 40, D0003);
INSERT INTO patient(sin_number, patient_name, address, age, primary_doctor) VALUES (162926204, Carol_Peters, 171 Cranberry Lane, 21, D0001);
INSERT INTO patient(sin_number, patient_name, address, age, primary_doctor) VALUES (153221792, Rachel_Abbott, 149 Mango Place, 73, D0007);
INSERT INTO patient(sin_number, patient_name, address, age, primary_doctor) VALUES (186357813, Alexander_Yellins, 156 Mango Place, 97, D0006);
INSERT INTO patient(sin_number, patient_name, address, age, primary_doctor) VALUES (196936891, Vincent_Espen, 102 Cranberry Lane, 38, D0010);
INSERT INTO patient(sin_number, patient_name, address, age, primary_doctor) VALUES (175477324, Vincent_Ross, 156 Orange Boulevard, 25, D0009);

INSERT INTO doctor(sin_number, doctor_name, specialty, experience) VALUES (209743083, D0001, Oncologist, 7);
INSERT INTO doctor(sin_number, doctor_name, specialty, experience) VALUES (298407950, D0002, Dermatologist, 13);
INSERT INTO doctor(sin_number, doctor_name, specialty, experience) VALUES (219867267, D0003, Allergist, 22);
INSERT INTO doctor(sin_number, doctor_name, specialty, experience) VALUES (262916268, D0004, Cardiologist, 9);
INSERT INTO doctor(sin_number, doctor_name, specialty, experience) VALUES (208570574, D0005, Dermatologist, 11);
INSERT INTO doctor(sin_number, doctor_name, specialty, experience) VALUES (233535842, D0006, Dermatologist, 22);
INSERT INTO doctor(sin_number, doctor_name, specialty, experience) VALUES (200970228, D0007, Dermatologist, 12);
INSERT INTO doctor(sin_number, doctor_name, specialty, experience) VALUES (258762448, D0008, Dermatologist, 20);
INSERT INTO doctor(sin_number, doctor_name, specialty, experience) VALUES (224261475, D0009, Oncologist, 9);
INSERT INTO doctor(sin_number, doctor_name, specialty, experience) VALUES (253827909, D0010, Cardiologist, 15);

INSERT INTO company(company_name, phone_number) VALUES (Abbelcor, 704-117-479);
INSERT INTO company(company_name, phone_number) VALUES (Bigelstine, 738-364-282);
INSERT INTO company(company_name, phone_number) VALUES (Crenborr, 923-400-177);
INSERT INTO company(company_name, phone_number) VALUES (Discus, 188-685-106);
INSERT INTO company(company_name, phone_number) VALUES (Espurr, 351-295-303);
INSERT INTO company(company_name, phone_number) VALUES (Gladiss, 900-125-206);
INSERT INTO company(company_name, phone_number) VALUES (Hort, 726-237-497);
INSERT INTO company(company_name, phone_number) VALUES (Intillis, 929-228-122);
INSERT INTO company(company_name, phone_number) VALUES (Jolport, 934-911-617);
INSERT INTO company(company_name, phone_number) VALUES (Klanvir, 218-527-354);

INSERT INTO pharmacy(pharmacy_name, address, phone_number) VALUES (P0001, 125 Banana Road, 482-462-364);
INSERT INTO pharmacy(pharmacy_name, address, phone_number) VALUES (P0002, 112 Banana Road, 340-856-331);
INSERT INTO pharmacy(pharmacy_name, address, phone_number) VALUES (P0003, 126 Orange Boulevard, 838-638-998);
INSERT INTO pharmacy(pharmacy_name, address, phone_number) VALUES (P0004, 166 Apple Way, 431-615-749);
INSERT INTO pharmacy(pharmacy_name, address, phone_number) VALUES (P0005, 163 Rassberry Road, 701-638-201);
INSERT INTO pharmacy(pharmacy_name, address, phone_number) VALUES (P0006, 199 Plum Crescent, 754-316-561);
INSERT INTO pharmacy(pharmacy_name, address, phone_number) VALUES (P0007, 176 Plum Crescent, 961-484-447);
INSERT INTO pharmacy(pharmacy_name, address, phone_number) VALUES (P0008, 104 Orange Boulevard, 795-576-142);
INSERT INTO pharmacy(pharmacy_name, address, phone_number) VALUES (P0009, 192 Mango Place, 811-939-703);
INSERT INTO pharmacy(pharmacy_name, address, phone_number) VALUES (P0010, 157 Mango Place, 390-962-922);

INSERT INTO drug(trade_name, formula, company_name) VALUES (A12345, ..., Abbelcor);
INSERT INTO drug(trade_name, formula, company_name) VALUES (B23456, ..., Bigelstine);
INSERT INTO drug(trade_name, formula, company_name) VALUES (C34567, ..., Crenborr);
INSERT INTO drug(trade_name, formula, company_name) VALUES (D45678, ..., Discus);
INSERT INTO drug(trade_name, formula, company_name) VALUES (E56789, ..., Espurr);
INSERT INTO drug(trade_name, formula, company_name) VALUES (F67890, ..., Gladiss);
INSERT INTO drug(trade_name, formula, company_name) VALUES (G78901, ..., Hort);
INSERT INTO drug(trade_name, formula, company_name) VALUES (H89012, ..., Intillis);
INSERT INTO drug(trade_name, formula, company_name) VALUES (I90123, ..., Jolport);
INSERT INTO drug(trade_name, formula, company_name) VALUES (J01234, ..., Klanvir);

INSERT INTO product(drug, sold_at, company_name, price) VALUES (A12345, P0010, Abbelcor, 19.00);
INSERT INTO product(drug, sold_at, company_name, price) VALUES (C34567, P0004, Crenborr, 56.00);
INSERT INTO product(drug, sold_at, company_name, price) VALUES (D45678, P0009, Discus, 33.00);
INSERT INTO product(drug, sold_at, company_name, price) VALUES (H89012, P0007, Intillis, 28.00);
INSERT INTO product(drug, sold_at, company_name, price) VALUES (I90123, P0010, Jolport, 13.00);
INSERT INTO product(drug, sold_at, company_name, price) VALUES (G78901, P0001, Hort, 41.00);
INSERT INTO product(drug, sold_at, company_name, price) VALUES (E56789, P0010, Espurr, 55.00);
INSERT INTO product(drug, sold_at, company_name, price) VALUES (H89012, P0009, Intillis, 36.00);
INSERT INTO product(drug, sold_at, company_name, price) VALUES (H89012, P0002, Intillis, 34.00);
INSERT INTO product(drug, sold_at, company_name, price) VALUES (E56789, P0005, Espurr, 23.00);
INSERT INTO product(drug, sold_at, company_name, price) VALUES (F67890, P0003, Gladiss, 21.00);
INSERT INTO product(drug, sold_at, company_name, price) VALUES (C34567, P0006, Crenborr, 21.00);
INSERT INTO product(drug, sold_at, company_name, price) VALUES (B23456, P0007, Bigelstine, 14.00);
INSERT INTO product(drug, sold_at, company_name, price) VALUES (H89012, P0003, Intillis, 14.00);
INSERT INTO product(drug, sold_at, company_name, price) VALUES (G78901, P0006, Hort, 34.00);
INSERT INTO product(drug, sold_at, company_name, price) VALUES (E56789, P0006, Espurr, 29.00);
INSERT INTO product(drug, sold_at, company_name, price) VALUES (B23456, P0010, Bigelstine, 49.00);
INSERT INTO product(drug, sold_at, company_name, price) VALUES (C34567, P0001, Crenborr, 44.00);
INSERT INTO product(drug, sold_at, company_name, price) VALUES (E56789, P0007, Espurr, 46.00);
INSERT INTO product(drug, sold_at, company_name, price) VALUES (H89012, P0006, Intillis, 27.00);

INSERT INTO contract(pharmacy_name, company_name, start_date, end_date, text, supervisor) VALUES (P0001, Abbelcor, 2016-2-27, 2018-9-27, ..., Olivia_Kostin);
INSERT INTO contract(pharmacy_name, company_name, start_date, end_date, text, supervisor) VALUES (P0002, Abbelcor, 2015-3-2, 2021-6-13, ..., Xandra_Carmel);
INSERT INTO contract(pharmacy_name, company_name, start_date, end_date, text, supervisor) VALUES (P0003, Abbelcor, 2015-4-19, 2021-0-17, ..., Victoria_Stevens);
INSERT INTO contract(pharmacy_name, company_name, start_date, end_date, text, supervisor) VALUES (P0004, Abbelcor, 2015-6-17, 2020-3-24, ..., Felicity_Yellins);
INSERT INTO contract(pharmacy_name, company_name, start_date, end_date, text, supervisor) VALUES (P0005, Abbelcor, 2015-6-23, 2019-0-24, ..., Derrick_Dover);
INSERT INTO contract(pharmacy_name, company_name, start_date, end_date, text, supervisor) VALUES (P0006, Abbelcor, 2016-11-21, 2019-3-24, ..., Zara_Thierry);
INSERT INTO contract(pharmacy_name, company_name, start_date, end_date, text, supervisor) VALUES (P0007, Abbelcor, 2018-0-2, 2019-6-8, ..., Kevin_Ollins);
INSERT INTO contract(pharmacy_name, company_name, start_date, end_date, text, supervisor) VALUES (P0008, Abbelcor, 2016-0-4, 2020-9-27, ..., Denise_Holt);
INSERT INTO contract(pharmacy_name, company_name, start_date, end_date, text, supervisor) VALUES (P0009, Abbelcor, 2017-7-9, 2019-4-15, ..., Xandra_Lilliks);
INSERT INTO contract(pharmacy_name, company_name, start_date, end_date, text, supervisor) VALUES (P0010, Abbelcor, 2015-8-21, 2022-0-9, ..., Harold_Carmel);
INSERT INTO contract(pharmacy_name, company_name, start_date, end_date, text, supervisor) VALUES (P0001, Bigelstine, 2014-10-18, 2022-8-3, ..., Undine_Dover);
INSERT INTO contract(pharmacy_name, company_name, start_date, end_date, text, supervisor) VALUES (P0002, Bigelstine, 2018-2-15, 2022-3-19, ..., William_Kostin);
INSERT INTO contract(pharmacy_name, company_name, start_date, end_date, text, supervisor) VALUES (P0003, Bigelstine, 2018-1-1, 2022-7-30, ..., Harold_Novits);
INSERT INTO contract(pharmacy_name, company_name, start_date, end_date, text, supervisor) VALUES (P0004, Bigelstine, 2017-3-10, 2018-10-15, ..., William_Jaspers);
INSERT INTO contract(pharmacy_name, company_name, start_date, end_date, text, supervisor) VALUES (P0005, Bigelstine, 2017-2-22, 2022-2-12, ..., Beatrice_Ollins);
INSERT INTO contract(pharmacy_name, company_name, start_date, end_date, text, supervisor) VALUES (P0006, Bigelstine, 2016-5-11, 2020-9-17, ..., Xavier_Kostin);
INSERT INTO contract(pharmacy_name, company_name, start_date, end_date, text, supervisor) VALUES (P0007, Bigelstine, 2016-10-5, 2022-3-23, ..., Beatrice_Lilliks);
INSERT INTO contract(pharmacy_name, company_name, start_date, end_date, text, supervisor) VALUES (P0008, Bigelstine, 2016-1-27, 2018-9-22, ..., Quinn_Peters);
INSERT INTO contract(pharmacy_name, company_name, start_date, end_date, text, supervisor) VALUES (P0009, Bigelstine, 2018-8-11, 2019-6-1, ..., Ingrid_Quill);
INSERT INTO contract(pharmacy_name, company_name, start_date, end_date, text, supervisor) VALUES (P0010, Bigelstine, 2018-1-20, 2020-11-6, ..., Oscar_Quill);
INSERT INTO contract(pharmacy_name, company_name, start_date, end_date, text, supervisor) VALUES (P0001, Crenborr, 2015-11-12, 2020-2-31, ..., Zara_Peters);
INSERT INTO contract(pharmacy_name, company_name, start_date, end_date, text, supervisor) VALUES (P0002, Crenborr, 2017-5-5, 2022-4-8, ..., Beatrice_Dover);
INSERT INTO contract(pharmacy_name, company_name, start_date, end_date, text, supervisor) VALUES (P0003, Crenborr, 2016-5-7, 2020-5-21, ..., Vincent_Xertz);
INSERT INTO contract(pharmacy_name, company_name, start_date, end_date, text, supervisor) VALUES (P0004, Crenborr, 2018-2-6, 2019-2-7, ..., Carol_Jaspers);
INSERT INTO contract(pharmacy_name, company_name, start_date, end_date, text, supervisor) VALUES (P0005, Crenborr, 2014-10-25, 2019-6-27, ..., Felicity_Peters);
INSERT INTO contract(pharmacy_name, company_name, start_date, end_date, text, supervisor) VALUES (P0006, Crenborr, 2016-8-22, 2019-7-15, ..., Zachary_Espen);
INSERT INTO contract(pharmacy_name, company_name, start_date, end_date, text, supervisor) VALUES (P0007, Crenborr, 2015-6-6, 2020-5-12, ..., Rachel_Xertz);
INSERT INTO contract(pharmacy_name, company_name, start_date, end_date, text, supervisor) VALUES (P0008, Crenborr, 2015-0-26, 2021-11-28, ..., Kasey_Willums);
INSERT INTO contract(pharmacy_name, company_name, start_date, end_date, text, supervisor) VALUES (P0009, Crenborr, 2016-5-27, 2021-4-3, ..., Allison_Quill);
INSERT INTO contract(pharmacy_name, company_name, start_date, end_date, text, supervisor) VALUES (P0010, Crenborr, 2018-4-22, 2019-9-31, ..., Theodore_Holt);
INSERT INTO contract(pharmacy_name, company_name, start_date, end_date, text, supervisor) VALUES (P0001, Discus, 2017-3-8, 2021-9-30, ..., Zachary_Quill);
INSERT INTO contract(pharmacy_name, company_name, start_date, end_date, text, supervisor) VALUES (P0002, Discus, 2017-6-30, 2019-11-5, ..., Mitchell_Brosseau);
INSERT INTO contract(pharmacy_name, company_name, start_date, end_date, text, supervisor) VALUES (P0003, Discus, 2016-9-22, 2022-7-21, ..., Noemie_Mender);
INSERT INTO contract(pharmacy_name, company_name, start_date, end_date, text, supervisor) VALUES (P0004, Discus, 2015-11-21, 2020-9-25, ..., Peter_Jaspers);
INSERT INTO contract(pharmacy_name, company_name, start_date, end_date, text, supervisor) VALUES (P0005, Discus, 2015-4-24, 2019-4-11, ..., George_Zell);
INSERT INTO contract(pharmacy_name, company_name, start_date, end_date, text, supervisor) VALUES (P0006, Discus, 2017-4-9, 2021-1-15, ..., Kasey_Carmel);
INSERT INTO contract(pharmacy_name, company_name, start_date, end_date, text, supervisor) VALUES (P0007, Discus, 2015-1-5, 2022-0-7, ..., Olivia_Stevens);
INSERT INTO contract(pharmacy_name, company_name, start_date, end_date, text, supervisor) VALUES (P0008, Discus, 2015-6-26, 2019-2-4, ..., Bob_Stevens);
INSERT INTO contract(pharmacy_name, company_name, start_date, end_date, text, supervisor) VALUES (P0009, Discus, 2016-2-27, 2018-11-9, ..., Zara_Brosseau);
INSERT INTO contract(pharmacy_name, company_name, start_date, end_date, text, supervisor) VALUES (P0010, Discus, 2017-5-19, 2020-3-23, ..., Lucille_Vernic);
INSERT INTO contract(pharmacy_name, company_name, start_date, end_date, text, supervisor) VALUES (P0001, Espurr, 2018-3-9, 2019-0-8, ..., Harold_Willums);
INSERT INTO contract(pharmacy_name, company_name, start_date, end_date, text, supervisor) VALUES (P0002, Espurr, 2017-8-18, 2022-5-22, ..., Leonard_Carmel);
INSERT INTO contract(pharmacy_name, company_name, start_date, end_date, text, supervisor) VALUES (P0003, Espurr, 2017-3-4, 2021-11-30, ..., Rachel_Kostin);
INSERT INTO contract(pharmacy_name, company_name, start_date, end_date, text, supervisor) VALUES (P0004, Espurr, 2016-7-4, 2019-7-31, ..., Zara_Mender);
INSERT INTO contract(pharmacy_name, company_name, start_date, end_date, text, supervisor) VALUES (P0005, Espurr, 2018-3-17, 2020-0-19, ..., Vincent_Thierry);
INSERT INTO contract(pharmacy_name, company_name, start_date, end_date, text, supervisor) VALUES (P0006, Espurr, 2017-7-6, 2020-10-9, ..., Oscar_Stevens);
INSERT INTO contract(pharmacy_name, company_name, start_date, end_date, text, supervisor) VALUES (P0007, Espurr, 2016-9-14, 2020-9-8, ..., Quentin_Peters);
INSERT INTO contract(pharmacy_name, company_name, start_date, end_date, text, supervisor) VALUES (P0008, Espurr, 2015-11-10, 2020-9-3, ..., Frank_Ilfit);
INSERT INTO contract(pharmacy_name, company_name, start_date, end_date, text, supervisor) VALUES (P0009, Espurr, 2015-7-6, 2020-1-12, ..., Kevin_Peters);
INSERT INTO contract(pharmacy_name, company_name, start_date, end_date, text, supervisor) VALUES (P0010, Espurr, 2017-5-22, 2020-0-17, ..., Umberto_Abbott);
INSERT INTO contract(pharmacy_name, company_name, start_date, end_date, text, supervisor) VALUES (P0001, Gladiss, 2017-7-26, 2020-0-5, ..., Stephanie_Quill);
INSERT INTO contract(pharmacy_name, company_name, start_date, end_date, text, supervisor) VALUES (P0002, Gladiss, 2016-2-2, 2022-2-26, ..., Xavier_Lilliks);
INSERT INTO contract(pharmacy_name, company_name, start_date, end_date, text, supervisor) VALUES (P0003, Gladiss, 2015-8-5, 2022-4-13, ..., Kevin_Fallion);
INSERT INTO contract(pharmacy_name, company_name, start_date, end_date, text, supervisor) VALUES (P0004, Gladiss, 2016-6-4, 2019-5-23, ..., Xavier_Thierry);
INSERT INTO contract(pharmacy_name, company_name, start_date, end_date, text, supervisor) VALUES (P0005, Gladiss, 2017-6-4, 2020-8-12, ..., Allison_Espen);
INSERT INTO contract(pharmacy_name, company_name, start_date, end_date, text, supervisor) VALUES (P0006, Gladiss, 2015-7-2, 2021-4-14, ..., Olivia_Peters);
INSERT INTO contract(pharmacy_name, company_name, start_date, end_date, text, supervisor) VALUES (P0007, Gladiss, 2017-11-29, 2021-10-27, ..., Zachary_Abbott);
INSERT INTO contract(pharmacy_name, company_name, start_date, end_date, text, supervisor) VALUES (P0008, Gladiss, 2018-1-2, 2020-8-30, ..., Allison_Ross);
INSERT INTO contract(pharmacy_name, company_name, start_date, end_date, text, supervisor) VALUES (P0009, Gladiss, 2016-11-17, 2020-0-26, ..., Olivia_Jaspers);
INSERT INTO contract(pharmacy_name, company_name, start_date, end_date, text, supervisor) VALUES (P0010, Gladiss, 2017-8-9, 2021-9-17, ..., Hayley_Quill);
INSERT INTO contract(pharmacy_name, company_name, start_date, end_date, text, supervisor) VALUES (P0001, Hort, 2017-2-3, 2020-1-14, ..., Stephanie_Ross);
INSERT INTO contract(pharmacy_name, company_name, start_date, end_date, text, supervisor) VALUES (P0002, Hort, 2015-11-8, 2020-2-6, ..., Zachary_Holt);
INSERT INTO contract(pharmacy_name, company_name, start_date, end_date, text, supervisor) VALUES (P0003, Hort, 2014-11-27, 2022-7-27, ..., Noemie_Zell);
INSERT INTO contract(pharmacy_name, company_name, start_date, end_date, text, supervisor) VALUES (P0004, Hort, 2015-9-7, 2018-9-19, ..., Oscar_Ulysses);
INSERT INTO contract(pharmacy_name, company_name, start_date, end_date, text, supervisor) VALUES (P0005, Hort, 2015-7-22, 2022-6-9, ..., Shawn_Mender);
INSERT INTO contract(pharmacy_name, company_name, start_date, end_date, text, supervisor) VALUES (P0006, Hort, 2018-3-12, 2021-0-26, ..., Frank_Ilfit);
INSERT INTO contract(pharmacy_name, company_name, start_date, end_date, text, supervisor) VALUES (P0007, Hort, 2017-7-2, 2022-1-5, ..., Denise_Thierry);
INSERT INTO contract(pharmacy_name, company_name, start_date, end_date, text, supervisor) VALUES (P0008, Hort, 2015-0-23, 2022-1-14, ..., Pricilla_Brosseau);
INSERT INTO contract(pharmacy_name, company_name, start_date, end_date, text, supervisor) VALUES (P0009, Hort, 2017-9-28, 2021-11-8, ..., Jeff_Ross);
INSERT INTO contract(pharmacy_name, company_name, start_date, end_date, text, supervisor) VALUES (P0010, Hort, 2015-1-1, 2019-6-25, ..., Harold_Yellins);
INSERT INTO contract(pharmacy_name, company_name, start_date, end_date, text, supervisor) VALUES (P0001, Intillis, 2018-2-23, 2019-11-20, ..., Yolanda_Espen);
INSERT INTO contract(pharmacy_name, company_name, start_date, end_date, text, supervisor) VALUES (P0002, Intillis, 2018-7-7, 2019-11-9, ..., Victoria_Ollins);
INSERT INTO contract(pharmacy_name, company_name, start_date, end_date, text, supervisor) VALUES (P0003, Intillis, 2015-8-16, 2020-6-8, ..., Oscar_Novits);
INSERT INTO contract(pharmacy_name, company_name, start_date, end_date, text, supervisor) VALUES (P0004, Intillis, 2017-7-20, 2021-4-23, ..., Undine_Fallion);
INSERT INTO contract(pharmacy_name, company_name, start_date, end_date, text, supervisor) VALUES (P0005, Intillis, 2018-6-11, 2020-9-27, ..., Undine_Quill);
INSERT INTO contract(pharmacy_name, company_name, start_date, end_date, text, supervisor) VALUES (P0006, Intillis, 2016-7-19, 2021-6-11, ..., George_Quill);
INSERT INTO contract(pharmacy_name, company_name, start_date, end_date, text, supervisor) VALUES (P0007, Intillis, 2015-11-4, 2020-0-4, ..., Carol_Abbott);
INSERT INTO contract(pharmacy_name, company_name, start_date, end_date, text, supervisor) VALUES (P0008, Intillis, 2015-0-31, 2018-11-31, ..., Julia_Lilliks);
INSERT INTO contract(pharmacy_name, company_name, start_date, end_date, text, supervisor) VALUES (P0009, Intillis, 2015-2-15, 2021-9-6, ..., Ian_Stevens);
INSERT INTO contract(pharmacy_name, company_name, start_date, end_date, text, supervisor) VALUES (P0010, Intillis, 2017-3-15, 2021-0-12, ..., Zachary_Ilfit);
INSERT INTO contract(pharmacy_name, company_name, start_date, end_date, text, supervisor) VALUES (P0001, Jolport, 2015-11-14, 2021-4-23, ..., Margaret_Willums);
INSERT INTO contract(pharmacy_name, company_name, start_date, end_date, text, supervisor) VALUES (P0002, Jolport, 2017-6-28, 2021-8-22, ..., Victoria_Xertz);
INSERT INTO contract(pharmacy_name, company_name, start_date, end_date, text, supervisor) VALUES (P0003, Jolport, 2017-7-25, 2021-0-21, ..., Shawn_Lilliks);
INSERT INTO contract(pharmacy_name, company_name, start_date, end_date, text, supervisor) VALUES (P0004, Jolport, 2017-10-4, 2021-7-11, ..., Shawn_Stevens);
INSERT INTO contract(pharmacy_name, company_name, start_date, end_date, text, supervisor) VALUES (P0005, Jolport, 2016-4-12, 2020-2-19, ..., Richard_Mender);
INSERT INTO contract(pharmacy_name, company_name, start_date, end_date, text, supervisor) VALUES (P0006, Jolport, 2015-0-17, 2020-3-15, ..., Carol_Guarin);
INSERT INTO contract(pharmacy_name, company_name, start_date, end_date, text, supervisor) VALUES (P0007, Jolport, 2015-7-28, 2019-4-18, ..., Quentin_Ollins);
INSERT INTO contract(pharmacy_name, company_name, start_date, end_date, text, supervisor) VALUES (P0008, Jolport, 2016-0-9, 2019-9-17, ..., Elizabeth_Guarin);
INSERT INTO contract(pharmacy_name, company_name, start_date, end_date, text, supervisor) VALUES (P0009, Jolport, 2015-9-18, 2019-9-30, ..., Quinn_Fallion);
INSERT INTO contract(pharmacy_name, company_name, start_date, end_date, text, supervisor) VALUES (P0010, Jolport, 2016-8-13, 2020-11-2, ..., Carl_Holt);
INSERT INTO contract(pharmacy_name, company_name, start_date, end_date, text, supervisor) VALUES (P0001, Klanvir, 2016-10-28, 2020-0-3, ..., Theodore_Stevens);
INSERT INTO contract(pharmacy_name, company_name, start_date, end_date, text, supervisor) VALUES (P0002, Klanvir, 2018-2-29, 2019-5-7, ..., Elizabeth_Thierry);
INSERT INTO contract(pharmacy_name, company_name, start_date, end_date, text, supervisor) VALUES (P0003, Klanvir, 2017-9-25, 2022-2-12, ..., Carl_Thierry);
INSERT INTO contract(pharmacy_name, company_name, start_date, end_date, text, supervisor) VALUES (P0004, Klanvir, 2016-10-28, 2021-8-19, ..., Oscar_Ollins);
INSERT INTO contract(pharmacy_name, company_name, start_date, end_date, text, supervisor) VALUES (P0005, Klanvir, 2015-4-31, 2021-10-4, ..., Xandra_Guarin);
INSERT INTO contract(pharmacy_name, company_name, start_date, end_date, text, supervisor) VALUES (P0006, Klanvir, 2018-0-5, 2020-6-10, ..., Oscar_Ulysses);
INSERT INTO contract(pharmacy_name, company_name, start_date, end_date, text, supervisor) VALUES (P0007, Klanvir, 2016-6-23, 2021-7-30, ..., Carl_Zell);
INSERT INTO contract(pharmacy_name, company_name, start_date, end_date, text, supervisor) VALUES (P0008, Klanvir, 2016-5-15, 2019-1-13, ..., Margaret_Brosseau);
INSERT INTO contract(pharmacy_name, company_name, start_date, end_date, text, supervisor) VALUES (P0009, Klanvir, 2014-11-4, 2020-8-30, ..., Lucille_Lilliks);
INSERT INTO contract(pharmacy_name, company_name, start_date, end_date, text, supervisor) VALUES (P0010, Klanvir, 2016-9-22, 2019-10-20, ..., Oscar_Carmel);

INSERT INTO perscription(drug, patient_name, doctor_name, given_date, quantity) VALUES (B23456, Umberto_Espen, D0005, 2018-9-1, 44);
INSERT INTO perscription(drug, patient_name, doctor_name, given_date, quantity) VALUES (D45678, Zara_Abbott, D0007, 2018-7-16, 114);
INSERT INTO perscription(drug, patient_name, doctor_name, given_date, quantity) VALUES (F67890, Hayley_Lilliks, D0005, 2018-8-22, 103);
INSERT INTO perscription(drug, patient_name, doctor_name, given_date, quantity) VALUES (D45678, Elizabeth_Brosseau, D0005, 2018-7-26, 58);
INSERT INTO perscription(drug, patient_name, doctor_name, given_date, quantity) VALUES (C34567, Yves_Ulysses, D0004, 2018-8-23, 57);
INSERT INTO perscription(drug, patient_name, doctor_name, given_date, quantity) VALUES (H89012, Umberto_Espen, D0010, 2018-6-11, 39);
INSERT INTO perscription(drug, patient_name, doctor_name, given_date, quantity) VALUES (E56789, Xandra_Abbott, D0003, 2018-7-23, 45);
INSERT INTO perscription(drug, patient_name, doctor_name, given_date, quantity) VALUES (B23456, Edward_Brosseau, D0008, 2018-7-21, 55);
INSERT INTO perscription(drug, patient_name, doctor_name, given_date, quantity) VALUES (B23456, Zara_Abbott, D0008, 2018-6-16, 53);
INSERT INTO perscription(drug, patient_name, doctor_name, given_date, quantity) VALUES (I90123, Elizabeth_Novits, D0010, 2018-6-5, 116);
INSERT INTO perscription(drug, patient_name, doctor_name, given_date, quantity) VALUES (A12345, Allison_Willums, D0007, 2018-8-19, 79);
INSERT INTO perscription(drug, patient_name, doctor_name, given_date, quantity) VALUES (H89012, Denise_Peters, D0009, 2018-8-3, 43);
INSERT INTO perscription(drug, patient_name, doctor_name, given_date, quantity) VALUES (F67890, Richard_Yellins, D0005, 2018-7-7, 49);
INSERT INTO perscription(drug, patient_name, doctor_name, given_date, quantity) VALUES (F67890, Lucille_Ulysses, D0008, 2018-7-20, 83);
INSERT INTO perscription(drug, patient_name, doctor_name, given_date, quantity) VALUES (J01234, Olivia_Kostin, D0002, 2018-6-24, 103);
INSERT INTO perscription(drug, patient_name, doctor_name, given_date, quantity) VALUES (A12345, Lucille_Ulysses, D0004, 2018-6-22, 89);
INSERT INTO perscription(drug, patient_name, doctor_name, given_date, quantity) VALUES (D45678, Quentin_Novits, D0004, 2018-8-8, 97);
INSERT INTO perscription(drug, patient_name, doctor_name, given_date, quantity) VALUES (F67890, Elizabeth_Novits, D0010, 2018-8-20, 40);
INSERT INTO perscription(drug, patient_name, doctor_name, given_date, quantity) VALUES (G78901, Wendy_Ulysses, D0010, 2018-8-17, 67);
INSERT INTO perscription(drug, patient_name, doctor_name, given_date, quantity) VALUES (G78901, Denise_Peters, D0004, 2018-7-6, 36);
INSERT INTO perscription(drug, patient_name, doctor_name, given_date, quantity) VALUES (F67890, Frank_Quill, D0001, 2018-6-20, 39);
INSERT INTO perscription(drug, patient_name, doctor_name, given_date, quantity) VALUES (B23456, Zara_Abbott, D0004, 2018-8-27, 86);
INSERT INTO perscription(drug, patient_name, doctor_name, given_date, quantity) VALUES (H89012, Lucille_Ulysses, D0006, 2018-8-13, 81);
INSERT INTO perscription(drug, patient_name, doctor_name, given_date, quantity) VALUES (G78901, Lucille_Ulysses, D0003, 2018-7-2, 23);
INSERT INTO perscription(drug, patient_name, doctor_name, given_date, quantity) VALUES (F67890, Denise_Quill, D0005, 2018-8-15, 74);
