USE pharmacy_db_40031326;

INSERT INTO doctor(sin_number, doctor_name, specialty, experience) VALUES (270792417, D0001, Dermatologist, 11);
INSERT INTO doctor(sin_number, doctor_name, specialty, experience) VALUES (236680539, D0002, Oncologist, 19);
INSERT INTO doctor(sin_number, doctor_name, specialty, experience) VALUES (244585360, D0003, Oncologist, 19);
INSERT INTO doctor(sin_number, doctor_name, specialty, experience) VALUES (200692660, D0004, Dermatologist, 11);
INSERT INTO doctor(sin_number, doctor_name, specialty, experience) VALUES (265171110, D0005, Family Doctor, 14);
INSERT INTO doctor(sin_number, doctor_name, specialty, experience) VALUES (251314239, D0006, Allergist, 21);
INSERT INTO doctor(sin_number, doctor_name, specialty, experience) VALUES (291388952, D0007, Dermatologist, 5);
INSERT INTO doctor(sin_number, doctor_name, specialty, experience) VALUES (257931001, D0008, Dermatologist, 20);
INSERT INTO doctor(sin_number, doctor_name, specialty, experience) VALUES (237559079, D0009, Allergist, 7);
INSERT INTO doctor(sin_number, doctor_name, specialty, experience) VALUES (283246545, D0010, Allergist, 7);

INSERT INTO patient(sin_number, patient_name, address, age, primary_doctor) VALUES (140251434, Noemie_Dover, 153 Apple Way, 48, D0005);
INSERT INTO patient(sin_number, patient_name, address, age, primary_doctor) VALUES (100598764, Denise_Espen, 144 Mango Place, 54, D0009);
INSERT INTO patient(sin_number, patient_name, address, age, primary_doctor) VALUES (138068559, Mitchell_Mender, 199 Figg Road, 78, D0002);
INSERT INTO patient(sin_number, patient_name, address, age, primary_doctor) VALUES (122269309, Ian_Carmel, 106 Durian Crescent, 90, D0009);
INSERT INTO patient(sin_number, patient_name, address, age, primary_doctor) VALUES (122163846, Hayley_Vernic, 152 Apple Way, 99, D0005);
INSERT INTO patient(sin_number, patient_name, address, age, primary_doctor) VALUES (117293736, Carl_Jaspers, 152 Guava Lane, 36, D0010);
INSERT INTO patient(sin_number, patient_name, address, age, primary_doctor) VALUES (109845985, Elizabeth_Mender, 132 Plum Crescent, 86, D0003);
INSERT INTO patient(sin_number, patient_name, address, age, primary_doctor) VALUES (130195379, Tiffany_Zell, 146 Cranberry Lane, 59, D0008);
INSERT INTO patient(sin_number, patient_name, address, age, primary_doctor) VALUES (138154482, Allison_Guarin, 113 Mango Place, 57, D0006);
INSERT INTO patient(sin_number, patient_name, address, age, primary_doctor) VALUES (199260626, Julia_Vernic, 152 Mango Place, 90, D0002);
INSERT INTO patient(sin_number, patient_name, address, age, primary_doctor) VALUES (182176875, Alexander_Ulysses, 197 Plum Crescent, 31, D0001);
INSERT INTO patient(sin_number, patient_name, address, age, primary_doctor) VALUES (189569084, Allison_Ulysses, 118 Figg Road, 82, D0009);
INSERT INTO patient(sin_number, patient_name, address, age, primary_doctor) VALUES (134473124, Shawn_Guarin, 163 Mango Place, 92, D0002);
INSERT INTO patient(sin_number, patient_name, address, age, primary_doctor) VALUES (134419782, Victoria_Mender, 128 Mango Place, 85, D0007);
INSERT INTO patient(sin_number, patient_name, address, age, primary_doctor) VALUES (158966389, Elizabeth_Ulysses, 127 Banana Road, 89, D0002);
INSERT INTO patient(sin_number, patient_name, address, age, primary_doctor) VALUES (134673921, Zara_Kostin, 109 Orange Boulevard, 43, D0008);
INSERT INTO patient(sin_number, patient_name, address, age, primary_doctor) VALUES (132600169, Jeff_Fallion, 127 Guava Lane, 39, D0010);
INSERT INTO patient(sin_number, patient_name, address, age, primary_doctor) VALUES (186951915, Hayley_Ollins, 175 Guava Lane, 38, D0003);
INSERT INTO patient(sin_number, patient_name, address, age, primary_doctor) VALUES (186347045, Hayley_Brosseau, 129 Banana Road, 66, D0004);
INSERT INTO patient(sin_number, patient_name, address, age, primary_doctor) VALUES (136805891, Wendy_Kostin, 163 Plum Crescent, 34, D0006);
INSERT INTO patient(sin_number, patient_name, address, age, primary_doctor) VALUES (159063686, Derrick_Vernic, 164 Cranberry Lane, 70, D0005);
INSERT INTO patient(sin_number, patient_name, address, age, primary_doctor) VALUES (106062533, Lucille_Guarin, 112 Figg Road, 75, D0005);
INSERT INTO patient(sin_number, patient_name, address, age, primary_doctor) VALUES (169059812, Undine_Yellins, 101 Mango Place, 48, D0006);
INSERT INTO patient(sin_number, patient_name, address, age, primary_doctor) VALUES (134732675, Elizabeth_Yellins, 114 Rassberry Road, 38, D0005);
INSERT INTO patient(sin_number, patient_name, address, age, primary_doctor) VALUES (134742385, Julia_Abbott, 146 Banana Road, 94, D0010);
INSERT INTO patient(sin_number, patient_name, address, age, primary_doctor) VALUES (145017029, Carl_Ollins, 118 Plum Crescent, 84, D0005);
INSERT INTO patient(sin_number, patient_name, address, age, primary_doctor) VALUES (196013994, Allison_Ilfit, 140 Apple Way, 68, D0010);
INSERT INTO patient(sin_number, patient_name, address, age, primary_doctor) VALUES (182647348, Xandra_Espen, 199 Orange Boulevard, 45, D0006);
INSERT INTO patient(sin_number, patient_name, address, age, primary_doctor) VALUES (178654472, Denise_Novits, 139 Rassberry Road, 20, D0004);
INSERT INTO patient(sin_number, patient_name, address, age, primary_doctor) VALUES (185170081, Alexander_Ulysses, 147 Rassberry Road, 24, D0010);
INSERT INTO patient(sin_number, patient_name, address, age, primary_doctor) VALUES (143334342, Margaret_Espen, 118 Orange Boulevard, 98, D0003);
INSERT INTO patient(sin_number, patient_name, address, age, primary_doctor) VALUES (112664811, Carol_Fallion, 173 Durian Crescent, 60, D0007);
INSERT INTO patient(sin_number, patient_name, address, age, primary_doctor) VALUES (160310486, Denise_Mender, 198 Cranberry Lane, 66, D0001);
INSERT INTO patient(sin_number, patient_name, address, age, primary_doctor) VALUES (186160936, Quinn_Ulysses, 160 Plum Crescent, 76, D0001);
INSERT INTO patient(sin_number, patient_name, address, age, primary_doctor) VALUES (103192225, Lucille_Brosseau, 169 Figg Road, 84, D0002);
INSERT INTO patient(sin_number, patient_name, address, age, primary_doctor) VALUES (156494659, Peter_Vernic, 144 Figg Road, 76, D0005);
INSERT INTO patient(sin_number, patient_name, address, age, primary_doctor) VALUES (191674704, Ingrid_Brosseau, 131 Plum Crescent, 75, D0005);
INSERT INTO patient(sin_number, patient_name, address, age, primary_doctor) VALUES (155167625, Allison_Novits, 164 Durian Crescent, 55, D0005);
INSERT INTO patient(sin_number, patient_name, address, age, primary_doctor) VALUES (134313397, Shawn_Ilfit, 167 Mango Place, 38, D0007);
INSERT INTO patient(sin_number, patient_name, address, age, primary_doctor) VALUES (141503497, William_Fallion, 119 Rassberry Road, 99, D0007);
INSERT INTO patient(sin_number, patient_name, address, age, primary_doctor) VALUES (112423282, Jeff_Jaspers, 169 Figg Road, 72, D0002);
INSERT INTO patient(sin_number, patient_name, address, age, primary_doctor) VALUES (176685699, Quentin_Yellins, 197 Rassberry Road, 61, D0009);
INSERT INTO patient(sin_number, patient_name, address, age, primary_doctor) VALUES (193205593, Victoria_Quill, 135 Banana Road, 68, D0003);
INSERT INTO patient(sin_number, patient_name, address, age, primary_doctor) VALUES (180079796, Olivia_Fallion, 155 Plum Crescent, 20, D0005);
INSERT INTO patient(sin_number, patient_name, address, age, primary_doctor) VALUES (161012779, Lucille_Jaspers, 107 Orange Boulevard, 20, D0010);
INSERT INTO patient(sin_number, patient_name, address, age, primary_doctor) VALUES (132471834, Beatrice_Jaspers, 176 Banana Road, 78, D0007);
INSERT INTO patient(sin_number, patient_name, address, age, primary_doctor) VALUES (168154664, Zara_Ulysses, 110 Banana Road, 55, D0009);
INSERT INTO patient(sin_number, patient_name, address, age, primary_doctor) VALUES (139227025, Vincent_Mender, 118 Plum Crescent, 61, D0003);
INSERT INTO patient(sin_number, patient_name, address, age, primary_doctor) VALUES (164699144, Noemie_Brosseau, 196 Durian Crescent, 59, D0008);
INSERT INTO patient(sin_number, patient_name, address, age, primary_doctor) VALUES (111659822, Genevieve_Ulysses, 137 Cranberry Lane, 82, D0010);

INSERT INTO company(company_name, phone_number) VALUES (Abbelcor, 129-408-765);
INSERT INTO company(company_name, phone_number) VALUES (Bigelstine, 512-179-645);
INSERT INTO company(company_name, phone_number) VALUES (Crenborr, 278-478-124);
INSERT INTO company(company_name, phone_number) VALUES (Discus, 271-975-552);
INSERT INTO company(company_name, phone_number) VALUES (Espurr, 258-543-214);
INSERT INTO company(company_name, phone_number) VALUES (Gladiss, 881-791-229);
INSERT INTO company(company_name, phone_number) VALUES (Hort, 118-102-139);
INSERT INTO company(company_name, phone_number) VALUES (Intillis, 402-837-307);
INSERT INTO company(company_name, phone_number) VALUES (Jolport, 820-541-712);
INSERT INTO company(company_name, phone_number) VALUES (Klanvir, 148-712-909);

INSERT INTO pharmacy(pharmacy_name, address, phone_number) VALUES (P0001, 105 Rassberry Road, 174-674-235);
INSERT INTO pharmacy(pharmacy_name, address, phone_number) VALUES (P0002, 151 Durian Crescent, 137-702-483);
INSERT INTO pharmacy(pharmacy_name, address, phone_number) VALUES (P0003, 118 Rassberry Road, 815-642-489);
INSERT INTO pharmacy(pharmacy_name, address, phone_number) VALUES (P0004, 169 Cranberry Lane, 299-362-487);
INSERT INTO pharmacy(pharmacy_name, address, phone_number) VALUES (P0005, 105 Durian Crescent, 309-952-534);
INSERT INTO pharmacy(pharmacy_name, address, phone_number) VALUES (P0006, 184 Apple Way, 656-329-256);
INSERT INTO pharmacy(pharmacy_name, address, phone_number) VALUES (P0007, 114 Figg Road, 558-251-895);
INSERT INTO pharmacy(pharmacy_name, address, phone_number) VALUES (P0008, 194 Plum Crescent, 296-601-205);
INSERT INTO pharmacy(pharmacy_name, address, phone_number) VALUES (P0009, 175 Durian Crescent, 399-530-744);
INSERT INTO pharmacy(pharmacy_name, address, phone_number) VALUES (P0010, 145 Orange Boulevard, 144-270-955);

INSERT INTO drug(trade_name, formula, company_name) VALUES (A12345, ..., Abbelcor);
INSERT INTO drug(trade_name, formula, company_name) VALUES (B23456, ..., Bigelstine);
INSERT INTO drug(trade_name, formula, company_name) VALUES (C34567, ..., Crenborr);
INSERT INTO drug(trade_name, formula, company_name) VALUES (D45678, ..., Discus);
INSERT INTO drug(trade_name, formula, company_name) VALUES (E56789, ..., Espurr);
INSERT INTO drug(trade_name, formula, company_name) VALUES (F67890, ..., Gladiss);
INSERT INTO drug(trade_name, formula, company_name) VALUES (G78901, ..., Hort);
INSERT INTO drug(trade_name, formula, company_name) VALUES (H89012, ..., Intillis);
INSERT INTO drug(trade_name, formula, company_name) VALUES (I90123, ..., Jolport);
INSERT INTO drug(trade_name, formula, company_name) VALUES (J01234, ..., Klanvir);

INSERT INTO product(drug, sold_at, company_name, price) VALUES (A12345, P0001, Abbelcor, 29.00);
INSERT INTO product(drug, sold_at, company_name, price) VALUES (F67890, P0004, Gladiss, 35.00);
INSERT INTO product(drug, sold_at, company_name, price) VALUES (J01234, P0008, Klanvir, 20.00);
INSERT INTO product(drug, sold_at, company_name, price) VALUES (J01234, P0003, Klanvir, 29.00);
INSERT INTO product(drug, sold_at, company_name, price) VALUES (I90123, P0007, Jolport, 18.00);
INSERT INTO product(drug, sold_at, company_name, price) VALUES (G78901, P0005, Hort, 55.00);
INSERT INTO product(drug, sold_at, company_name, price) VALUES (I90123, P0009, Jolport, 55.00);
INSERT INTO product(drug, sold_at, company_name, price) VALUES (B23456, P0008, Bigelstine, 12.00);
INSERT INTO product(drug, sold_at, company_name, price) VALUES (G78901, P0002, Hort, 54.00);
INSERT INTO product(drug, sold_at, company_name, price) VALUES (E56789, P0009, Espurr, 41.00);
INSERT INTO product(drug, sold_at, company_name, price) VALUES (A12345, P0005, Abbelcor, 33.00);
INSERT INTO product(drug, sold_at, company_name, price) VALUES (B23456, P0006, Bigelstine, 26.00);
INSERT INTO product(drug, sold_at, company_name, price) VALUES (F67890, P0006, Gladiss, 36.00);
INSERT INTO product(drug, sold_at, company_name, price) VALUES (H89012, P0008, Intillis, 55.00);
INSERT INTO product(drug, sold_at, company_name, price) VALUES (H89012, P0005, Intillis, 39.00);
INSERT INTO product(drug, sold_at, company_name, price) VALUES (C34567, P0001, Crenborr, 37.00);
INSERT INTO product(drug, sold_at, company_name, price) VALUES (D45678, P0010, Discus, 18.00);
INSERT INTO product(drug, sold_at, company_name, price) VALUES (G78901, P0010, Hort, 29.00);
INSERT INTO product(drug, sold_at, company_name, price) VALUES (F67890, P0001, Gladiss, 53.00);
INSERT INTO product(drug, sold_at, company_name, price) VALUES (H89012, P0005, Intillis, 42.00);

INSERT INTO contract(pharmacy_name, company_name, start_date, end_date, text, supervisor) VALUES (P0001, Abbelcor, 2015-7-11, 2019-2-16, ..., Kasey_Holt);
INSERT INTO contract(pharmacy_name, company_name, start_date, end_date, text, supervisor) VALUES (P0002, Abbelcor, 2016-1-8, 2021-8-26, ..., Felicity_Dover);
INSERT INTO contract(pharmacy_name, company_name, start_date, end_date, text, supervisor) VALUES (P0003, Abbelcor, 2015-10-28, 2019-5-21, ..., Beatrice_Zell);
INSERT INTO contract(pharmacy_name, company_name, start_date, end_date, text, supervisor) VALUES (P0004, Abbelcor, 2015-11-20, 2020-8-5, ..., Felicity_Fallion);
INSERT INTO contract(pharmacy_name, company_name, start_date, end_date, text, supervisor) VALUES (P0005, Abbelcor, 2016-9-31, 2019-7-25, ..., Genevieve_Espen);
INSERT INTO contract(pharmacy_name, company_name, start_date, end_date, text, supervisor) VALUES (P0006, Abbelcor, 2018-7-12, 2019-8-29, ..., Denise_Carmel);
INSERT INTO contract(pharmacy_name, company_name, start_date, end_date, text, supervisor) VALUES (P0007, Abbelcor, 2016-1-13, 2019-4-8, ..., Derrick_Ross);
INSERT INTO contract(pharmacy_name, company_name, start_date, end_date, text, supervisor) VALUES (P0008, Abbelcor, 2016-9-5, 2021-8-7, ..., Derrick_Fallion);
INSERT INTO contract(pharmacy_name, company_name, start_date, end_date, text, supervisor) VALUES (P0009, Abbelcor, 2018-3-2, 2018-9-26, ..., Richard_Quill);
INSERT INTO contract(pharmacy_name, company_name, start_date, end_date, text, supervisor) VALUES (P0010, Abbelcor, 2015-11-24, 2021-0-21, ..., Zachary_Peters);
INSERT INTO contract(pharmacy_name, company_name, start_date, end_date, text, supervisor) VALUES (P0001, Bigelstine, 2017-8-5, 2019-1-24, ..., Alexander_Yellins);
INSERT INTO contract(pharmacy_name, company_name, start_date, end_date, text, supervisor) VALUES (P0002, Bigelstine, 2017-4-30, 2020-3-23, ..., Leonard_Stevens);
INSERT INTO contract(pharmacy_name, company_name, start_date, end_date, text, supervisor) VALUES (P0003, Bigelstine, 2015-9-2, 2021-1-25, ..., Quentin_Novits);
INSERT INTO contract(pharmacy_name, company_name, start_date, end_date, text, supervisor) VALUES (P0004, Bigelstine, 2016-7-21, 2019-11-1, ..., Yves_Thierry);
INSERT INTO contract(pharmacy_name, company_name, start_date, end_date, text, supervisor) VALUES (P0005, Bigelstine, 2017-10-30, 2019-8-2, ..., Derrick_Carmel);
INSERT INTO contract(pharmacy_name, company_name, start_date, end_date, text, supervisor) VALUES (P0006, Bigelstine, 2018-1-1, 2019-5-7, ..., Oscar_Ulysses);
INSERT INTO contract(pharmacy_name, company_name, start_date, end_date, text, supervisor) VALUES (P0007, Bigelstine, 2016-3-18, 2021-4-11, ..., Peter_Guarin);
INSERT INTO contract(pharmacy_name, company_name, start_date, end_date, text, supervisor) VALUES (P0008, Bigelstine, 2016-0-17, 2020-6-30, ..., Carol_Stevens);
INSERT INTO contract(pharmacy_name, company_name, start_date, end_date, text, supervisor) VALUES (P0009, Bigelstine, 2016-4-22, 2021-7-23, ..., Frank_Carmel);
INSERT INTO contract(pharmacy_name, company_name, start_date, end_date, text, supervisor) VALUES (P0010, Bigelstine, 2016-0-31, 2021-4-7, ..., Victoria_Quill);
INSERT INTO contract(pharmacy_name, company_name, start_date, end_date, text, supervisor) VALUES (P0001, Crenborr, 2016-1-26, 2018-10-19, ..., Kevin_Stevens);
INSERT INTO contract(pharmacy_name, company_name, start_date, end_date, text, supervisor) VALUES (P0002, Crenborr, 2018-2-12, 2022-0-4, ..., Shawn_Yellins);
INSERT INTO contract(pharmacy_name, company_name, start_date, end_date, text, supervisor) VALUES (P0003, Crenborr, 2015-7-17, 2020-2-15, ..., Richard_Ross);
INSERT INTO contract(pharmacy_name, company_name, start_date, end_date, text, supervisor) VALUES (P0004, Crenborr, 2016-2-20, 2021-4-24, ..., Carol_Brosseau);
INSERT INTO contract(pharmacy_name, company_name, start_date, end_date, text, supervisor) VALUES (P0005, Crenborr, 2017-1-18, 2019-1-22, ..., Allison_Thierry);
INSERT INTO contract(pharmacy_name, company_name, start_date, end_date, text, supervisor) VALUES (P0006, Crenborr, 2016-5-14, 2021-7-28, ..., William_Peters);
INSERT INTO contract(pharmacy_name, company_name, start_date, end_date, text, supervisor) VALUES (P0007, Crenborr, 2016-6-28, 2018-10-24, ..., Denise_Fallion);
INSERT INTO contract(pharmacy_name, company_name, start_date, end_date, text, supervisor) VALUES (P0008, Crenborr, 2015-6-2, 2019-10-9, ..., Wendy_Yellins);
INSERT INTO contract(pharmacy_name, company_name, start_date, end_date, text, supervisor) VALUES (P0009, Crenborr, 2018-7-27, 2019-5-3, ..., Genevieve_Novits);
INSERT INTO contract(pharmacy_name, company_name, start_date, end_date, text, supervisor) VALUES (P0010, Crenborr, 2016-9-28, 2021-8-29, ..., Lucille_Jaspers);
INSERT INTO contract(pharmacy_name, company_name, start_date, end_date, text, supervisor) VALUES (P0001, Discus, 2015-7-19, 2019-10-19, ..., Derrick_Ulysses);
INSERT INTO contract(pharmacy_name, company_name, start_date, end_date, text, supervisor) VALUES (P0002, Discus, 2018-7-22, 2021-8-30, ..., Vincent_Zell);
INSERT INTO contract(pharmacy_name, company_name, start_date, end_date, text, supervisor) VALUES (P0003, Discus, 2016-1-16, 2021-0-17, ..., Hayley_Vernic);
INSERT INTO contract(pharmacy_name, company_name, start_date, end_date, text, supervisor) VALUES (P0004, Discus, 2016-3-6, 2019-3-7, ..., Quentin_Ross);
INSERT INTO contract(pharmacy_name, company_name, start_date, end_date, text, supervisor) VALUES (P0005, Discus, 2018-5-12, 2019-2-19, ..., Harold_Quill);
INSERT INTO contract(pharmacy_name, company_name, start_date, end_date, text, supervisor) VALUES (P0006, Discus, 2015-8-5, 2019-1-2, ..., Bob_Kostin);
INSERT INTO contract(pharmacy_name, company_name, start_date, end_date, text, supervisor) VALUES (P0007, Discus, 2016-10-29, 2021-5-30, ..., Victoria_Mender);
INSERT INTO contract(pharmacy_name, company_name, start_date, end_date, text, supervisor) VALUES (P0008, Discus, 2017-8-16, 2020-8-14, ..., Alexander_Willums);
INSERT INTO contract(pharmacy_name, company_name, start_date, end_date, text, supervisor) VALUES (P0009, Discus, 2015-11-4, 2018-9-30, ..., Victoria_Abbott);
INSERT INTO contract(pharmacy_name, company_name, start_date, end_date, text, supervisor) VALUES (P0010, Discus, 2018-2-12, 2019-5-12, ..., Harold_Ross);
INSERT INTO contract(pharmacy_name, company_name, start_date, end_date, text, supervisor) VALUES (P0001, Espurr, 2017-1-8, 2020-10-17, ..., Alexander_Jaspers);
INSERT INTO contract(pharmacy_name, company_name, start_date, end_date, text, supervisor) VALUES (P0002, Espurr, 2017-10-20, 2020-1-7, ..., Ingrid_Abbott);
INSERT INTO contract(pharmacy_name, company_name, start_date, end_date, text, supervisor) VALUES (P0003, Espurr, 2018-3-4, 2020-5-8, ..., Noemie_Lilliks);
INSERT INTO contract(pharmacy_name, company_name, start_date, end_date, text, supervisor) VALUES (P0004, Espurr, 2017-6-21, 2019-11-5, ..., Beatrice_Holt);
INSERT INTO contract(pharmacy_name, company_name, start_date, end_date, text, supervisor) VALUES (P0005, Espurr, 2015-11-1, 2019-11-1, ..., Noemie_Brosseau);
INSERT INTO contract(pharmacy_name, company_name, start_date, end_date, text, supervisor) VALUES (P0006, Espurr, 2017-4-24, 2021-1-5, ..., Zara_Novits);
INSERT INTO contract(pharmacy_name, company_name, start_date, end_date, text, supervisor) VALUES (P0007, Espurr, 2018-2-13, 2021-0-19, ..., Denise_Mender);
INSERT INTO contract(pharmacy_name, company_name, start_date, end_date, text, supervisor) VALUES (P0008, Espurr, 2016-3-5, 2021-11-9, ..., Pricilla_Novits);
INSERT INTO contract(pharmacy_name, company_name, start_date, end_date, text, supervisor) VALUES (P0009, Espurr, 2017-2-30, 2020-10-29, ..., Stephanie_Ross);
INSERT INTO contract(pharmacy_name, company_name, start_date, end_date, text, supervisor) VALUES (P0010, Espurr, 2017-0-21, 2021-5-8, ..., Beatrice_Ollins);
INSERT INTO contract(pharmacy_name, company_name, start_date, end_date, text, supervisor) VALUES (P0001, Gladiss, 2018-4-21, 2020-8-28, ..., Bob_Dover);
INSERT INTO contract(pharmacy_name, company_name, start_date, end_date, text, supervisor) VALUES (P0002, Gladiss, 2016-4-7, 2020-4-15, ..., Lucille_Stevens);
INSERT INTO contract(pharmacy_name, company_name, start_date, end_date, text, supervisor) VALUES (P0003, Gladiss, 2018-7-9, 2019-5-21, ..., Felicity_Ilfit);
INSERT INTO contract(pharmacy_name, company_name, start_date, end_date, text, supervisor) VALUES (P0004, Gladiss, 2016-1-12, 2019-10-13, ..., Ingrid_Espen);
INSERT INTO contract(pharmacy_name, company_name, start_date, end_date, text, supervisor) VALUES (P0005, Gladiss, 2016-2-27, 2021-9-3, ..., Quentin_Willums);
INSERT INTO contract(pharmacy_name, company_name, start_date, end_date, text, supervisor) VALUES (P0006, Gladiss, 2017-7-14, 2021-8-27, ..., Harold_Holt);
INSERT INTO contract(pharmacy_name, company_name, start_date, end_date, text, supervisor) VALUES (P0007, Gladiss, 2017-2-12, 2020-4-15, ..., Shawn_Dover);
INSERT INTO contract(pharmacy_name, company_name, start_date, end_date, text, supervisor) VALUES (P0008, Gladiss, 2018-7-14, 2021-7-4, ..., Quentin_Guarin);
INSERT INTO contract(pharmacy_name, company_name, start_date, end_date, text, supervisor) VALUES (P0009, Gladiss, 2018-4-26, 2020-10-10, ..., Xandra_Yellins);
INSERT INTO contract(pharmacy_name, company_name, start_date, end_date, text, supervisor) VALUES (P0010, Gladiss, 2015-8-15, 2021-4-1, ..., Felicity_Holt);
INSERT INTO contract(pharmacy_name, company_name, start_date, end_date, text, supervisor) VALUES (P0001, Hort, 2015-6-2, 2019-10-30, ..., Yolanda_Kostin);
INSERT INTO contract(pharmacy_name, company_name, start_date, end_date, text, supervisor) VALUES (P0002, Hort, 2016-1-3, 2020-2-2, ..., Theodore_Holt);
INSERT INTO contract(pharmacy_name, company_name, start_date, end_date, text, supervisor) VALUES (P0003, Hort, 2015-10-5, 2019-9-24, ..., Shawn_Espen);
INSERT INTO contract(pharmacy_name, company_name, start_date, end_date, text, supervisor) VALUES (P0004, Hort, 2018-6-29, 2020-3-16, ..., Peter_Abbott);
INSERT INTO contract(pharmacy_name, company_name, start_date, end_date, text, supervisor) VALUES (P0005, Hort, 2018-1-28, 2021-3-1, ..., Noemie_Xertz);
INSERT INTO contract(pharmacy_name, company_name, start_date, end_date, text, supervisor) VALUES (P0006, Hort, 2015-7-20, 2018-10-6, ..., Lucille_Peters);
INSERT INTO contract(pharmacy_name, company_name, start_date, end_date, text, supervisor) VALUES (P0007, Hort, 2018-7-5, 2020-6-24, ..., Vincent_Espen);
INSERT INTO contract(pharmacy_name, company_name, start_date, end_date, text, supervisor) VALUES (P0008, Hort, 2016-11-13, 2019-7-7, ..., Denise_Mender);
INSERT INTO contract(pharmacy_name, company_name, start_date, end_date, text, supervisor) VALUES (P0009, Hort, 2017-2-4, 2019-7-17, ..., Lucille_Mender);
INSERT INTO contract(pharmacy_name, company_name, start_date, end_date, text, supervisor) VALUES (P0010, Hort, 2018-5-18, 2021-9-23, ..., Undine_Thierry);
INSERT INTO contract(pharmacy_name, company_name, start_date, end_date, text, supervisor) VALUES (P0001, Intillis, 2018-1-20, 2019-7-11, ..., Margaret_Abbott);
INSERT INTO contract(pharmacy_name, company_name, start_date, end_date, text, supervisor) VALUES (P0002, Intillis, 2016-11-9, 2020-10-6, ..., Edward_Xertz);
INSERT INTO contract(pharmacy_name, company_name, start_date, end_date, text, supervisor) VALUES (P0003, Intillis, 2015-8-11, 2018-10-24, ..., Umberto_Xertz);
INSERT INTO contract(pharmacy_name, company_name, start_date, end_date, text, supervisor) VALUES (P0004, Intillis, 2017-8-26, 2020-8-1, ..., Noah_Holt);
INSERT INTO contract(pharmacy_name, company_name, start_date, end_date, text, supervisor) VALUES (P0005, Intillis, 2018-3-4, 2020-4-28, ..., Lucille_Quill);
INSERT INTO contract(pharmacy_name, company_name, start_date, end_date, text, supervisor) VALUES (P0006, Intillis, 2017-8-9, 2020-11-5, ..., Richard_Ulysses);
INSERT INTO contract(pharmacy_name, company_name, start_date, end_date, text, supervisor) VALUES (P0007, Intillis, 2017-10-22, 2021-4-12, ..., Noemie_Lilliks);
INSERT INTO contract(pharmacy_name, company_name, start_date, end_date, text, supervisor) VALUES (P0008, Intillis, 2016-2-2, 2019-5-11, ..., Pricilla_Yellins);
INSERT INTO contract(pharmacy_name, company_name, start_date, end_date, text, supervisor) VALUES (P0009, Intillis, 2016-11-23, 2021-1-22, ..., Vincent_Zell);
INSERT INTO contract(pharmacy_name, company_name, start_date, end_date, text, supervisor) VALUES (P0010, Intillis, 2016-2-12, 2019-4-20, ..., Hayley_Zell);
INSERT INTO contract(pharmacy_name, company_name, start_date, end_date, text, supervisor) VALUES (P0001, Jolport, 2016-1-23, 2019-10-5, ..., Olivia_Thierry);
INSERT INTO contract(pharmacy_name, company_name, start_date, end_date, text, supervisor) VALUES (P0002, Jolport, 2018-2-9, 2019-4-11, ..., Noah_Espen);
INSERT INTO contract(pharmacy_name, company_name, start_date, end_date, text, supervisor) VALUES (P0003, Jolport, 2015-7-14, 2020-2-22, ..., Victoria_Jaspers);
INSERT INTO contract(pharmacy_name, company_name, start_date, end_date, text, supervisor) VALUES (P0004, Jolport, 2015-10-25, 2021-7-24, ..., Yolanda_Ulysses);
INSERT INTO contract(pharmacy_name, company_name, start_date, end_date, text, supervisor) VALUES (P0005, Jolport, 2016-3-11, 2019-7-31, ..., Oscar_Ulysses);
INSERT INTO contract(pharmacy_name, company_name, start_date, end_date, text, supervisor) VALUES (P0006, Jolport, 2015-8-26, 2020-2-26, ..., William_Xertz);
INSERT INTO contract(pharmacy_name, company_name, start_date, end_date, text, supervisor) VALUES (P0007, Jolport, 2018-3-27, 2022-0-9, ..., Julia_Ollins);
INSERT INTO contract(pharmacy_name, company_name, start_date, end_date, text, supervisor) VALUES (P0008, Jolport, 2016-10-28, 2018-9-31, ..., Kevin_Mender);
INSERT INTO contract(pharmacy_name, company_name, start_date, end_date, text, supervisor) VALUES (P0009, Jolport, 2016-6-13, 2020-4-8, ..., Undine_Vernic);
INSERT INTO contract(pharmacy_name, company_name, start_date, end_date, text, supervisor) VALUES (P0010, Jolport, 2017-7-27, 2021-4-8, ..., Harold_Jaspers);
INSERT INTO contract(pharmacy_name, company_name, start_date, end_date, text, supervisor) VALUES (P0001, Klanvir, 2017-10-19, 2018-10-11, ..., Edward_Lilliks);
INSERT INTO contract(pharmacy_name, company_name, start_date, end_date, text, supervisor) VALUES (P0002, Klanvir, 2015-10-4, 2019-1-9, ..., Pricilla_Willums);
INSERT INTO contract(pharmacy_name, company_name, start_date, end_date, text, supervisor) VALUES (P0003, Klanvir, 2016-0-17, 2020-4-30, ..., Noah_Carmel);
INSERT INTO contract(pharmacy_name, company_name, start_date, end_date, text, supervisor) VALUES (P0004, Klanvir, 2016-10-16, 2020-11-16, ..., Hayley_Dover);
INSERT INTO contract(pharmacy_name, company_name, start_date, end_date, text, supervisor) VALUES (P0005, Klanvir, 2017-10-7, 2018-9-26, ..., Quentin_Vernic);
INSERT INTO contract(pharmacy_name, company_name, start_date, end_date, text, supervisor) VALUES (P0006, Klanvir, 2016-2-24, 2019-2-16, ..., Beatrice_Carmel);
INSERT INTO contract(pharmacy_name, company_name, start_date, end_date, text, supervisor) VALUES (P0007, Klanvir, 2017-6-20, 2020-11-15, ..., William_Lilliks);
INSERT INTO contract(pharmacy_name, company_name, start_date, end_date, text, supervisor) VALUES (P0008, Klanvir, 2016-1-28, 2021-3-16, ..., Lucille_Vernic);
INSERT INTO contract(pharmacy_name, company_name, start_date, end_date, text, supervisor) VALUES (P0009, Klanvir, 2018-0-28, 2020-11-10, ..., Ian_Quill);
INSERT INTO contract(pharmacy_name, company_name, start_date, end_date, text, supervisor) VALUES (P0010, Klanvir, 2018-5-1, 2019-6-10, ..., Yolanda_Ross);

INSERT INTO perscription(drug, patient_name, doctor_name, given_date, quantity) VALUES (J01234, Lucille_Jaspers, D0001, 2018-8-9, 30);
INSERT INTO perscription(drug, patient_name, doctor_name, given_date, quantity) VALUES (J01234, Carol_Fallion, D0005, 2018-7-1, 26);
INSERT INTO perscription(drug, patient_name, doctor_name, given_date, quantity) VALUES (C34567, Shawn_Ilfit, D0010, 2018-7-22, 58);
INSERT INTO perscription(drug, patient_name, doctor_name, given_date, quantity) VALUES (E56789, Allison_Ilfit, D0009, 2018-9-1, 117);
INSERT INTO perscription(drug, patient_name, doctor_name, given_date, quantity) VALUES (A12345, Wendy_Kostin, D0009, 2018-6-3, 106);
INSERT INTO perscription(drug, patient_name, doctor_name, given_date, quantity) VALUES (G78901, Shawn_Ilfit, D0008, 2018-8-14, 109);
INSERT INTO perscription(drug, patient_name, doctor_name, given_date, quantity) VALUES (A12345, Xandra_Espen, D0008, 2018-7-4, 28);
INSERT INTO perscription(drug, patient_name, doctor_name, given_date, quantity) VALUES (E56789, Carol_Fallion, D0007, 2018-6-8, 61);
INSERT INTO perscription(drug, patient_name, doctor_name, given_date, quantity) VALUES (H89012, Vincent_Mender, D0010, 2018-6-24, 20);
INSERT INTO perscription(drug, patient_name, doctor_name, given_date, quantity) VALUES (C34567, Margaret_Espen, D0008, 2018-6-19, 49);
INSERT INTO perscription(drug, patient_name, doctor_name, given_date, quantity) VALUES (G78901, Vincent_Mender, D0009, 2018-8-17, 86);
INSERT INTO perscription(drug, patient_name, doctor_name, given_date, quantity) VALUES (H89012, Lucille_Brosseau, D0007, 2018-6-16, 24);
INSERT INTO perscription(drug, patient_name, doctor_name, given_date, quantity) VALUES (F67890, Carol_Fallion, D0004, 2018-8-29, 56);
INSERT INTO perscription(drug, patient_name, doctor_name, given_date, quantity) VALUES (H89012, Peter_Vernic, D0004, 2018-7-24, 25);
INSERT INTO perscription(drug, patient_name, doctor_name, given_date, quantity) VALUES (D45678, Wendy_Kostin, D0008, 2018-7-6, 65);
INSERT INTO perscription(drug, patient_name, doctor_name, given_date, quantity) VALUES (I90123, Allison_Ilfit, D0009, 2018-6-23, 47);
INSERT INTO perscription(drug, patient_name, doctor_name, given_date, quantity) VALUES (D45678, Derrick_Vernic, D0009, 2018-7-30, 48);
INSERT INTO perscription(drug, patient_name, doctor_name, given_date, quantity) VALUES (E56789, Denise_Mender, D0002, 2018-8-2, 36);
INSERT INTO perscription(drug, patient_name, doctor_name, given_date, quantity) VALUES (A12345, Julia_Vernic, D0005, 2018-9-6, 97);
INSERT INTO perscription(drug, patient_name, doctor_name, given_date, quantity) VALUES (I90123, Victoria_Mender, D0005, 2018-6-27, 102);
INSERT INTO perscription(drug, patient_name, doctor_name, given_date, quantity) VALUES (H89012, Derrick_Vernic, D0005, 2018-7-31, 34);
INSERT INTO perscription(drug, patient_name, doctor_name, given_date, quantity) VALUES (J01234, Noemie_Dover, D0009, 2018-6-21, 81);
INSERT INTO perscription(drug, patient_name, doctor_name, given_date, quantity) VALUES (G78901, Elizabeth_Mender, D0002, 2018-6-25, 111);
INSERT INTO perscription(drug, patient_name, doctor_name, given_date, quantity) VALUES (E56789, Allison_Ilfit, D0009, 2018-6-16, 84);
INSERT INTO perscription(drug, patient_name, doctor_name, given_date, quantity) VALUES (G78901, Peter_Vernic, D0005, 2018-7-20, 94);
