USE pharmacy_db_40031326;

INSERT INTO doctor(sin_number, doctor_name, specialty, experience) VALUES ('295527493', 'D0001', 'Dermatologist', '11');
INSERT INTO doctor(sin_number, doctor_name, specialty, experience) VALUES ('250627817', 'D0002', 'Cardiologist', '16');
INSERT INTO doctor(sin_number, doctor_name, specialty, experience) VALUES ('267242626', 'D0003', 'Cardiologist', '24');
INSERT INTO doctor(sin_number, doctor_name, specialty, experience) VALUES ('224280524', 'D0004', 'Cardiologist', '10');
INSERT INTO doctor(sin_number, doctor_name, specialty, experience) VALUES ('275011558', 'D0005', 'Oncologist', '13');
INSERT INTO doctor(sin_number, doctor_name, specialty, experience) VALUES ('296221309', 'D0006', 'Allergist', '24');
INSERT INTO doctor(sin_number, doctor_name, specialty, experience) VALUES ('298909771', 'D0007', 'Dermatologist', '8');
INSERT INTO doctor(sin_number, doctor_name, specialty, experience) VALUES ('227076493', 'D0008', 'Family Doctor', '13');
INSERT INTO doctor(sin_number, doctor_name, specialty, experience) VALUES ('283560281', 'D0009', 'Oncologist', '9');
INSERT INTO doctor(sin_number, doctor_name, specialty, experience) VALUES ('214011463', 'D0010', 'Cardiologist', '14');

INSERT INTO patient(sin_number, patient_name, address, age, primary_doctor) VALUES ('126267297', 'Frank_Lilliks', '194 Rassberry Road', '72', 'D0008');
INSERT INTO patient(sin_number, patient_name, address, age, primary_doctor) VALUES ('185693823', 'Peter_Ulysses', '175 Figg Road', '59', 'D0005');
INSERT INTO patient(sin_number, patient_name, address, age, primary_doctor) VALUES ('141035813', 'Richard_Lilliks', '133 Durian Crescent', '43', 'D0007');
INSERT INTO patient(sin_number, patient_name, address, age, primary_doctor) VALUES ('113705257', 'Edward_Jaspers', '153 Mango Place', '55', 'D0003');
INSERT INTO patient(sin_number, patient_name, address, age, primary_doctor) VALUES ('185809709', 'Yves_Xertz', '128 Mango Place', '27', 'D0004');
INSERT INTO patient(sin_number, patient_name, address, age, primary_doctor) VALUES ('140276442', 'Shawn_Vernic', '170 Apple Way', '44', 'D0005');
INSERT INTO patient(sin_number, patient_name, address, age, primary_doctor) VALUES ('196822656', 'Lucille_Ulysses', '141 Cranberry Lane', '88', 'D0003');
INSERT INTO patient(sin_number, patient_name, address, age, primary_doctor) VALUES ('100705306', 'Lucille_Thierry', '167 Mango Place', '66', 'D0009');
INSERT INTO patient(sin_number, patient_name, address, age, primary_doctor) VALUES ('129535447', 'William_Guarin', '161 Cranberry Lane', '98', 'D0010');
INSERT INTO patient(sin_number, patient_name, address, age, primary_doctor) VALUES ('193151946', 'Xavier_Vernic', '109 Durian Crescent', '86', 'D0008');
INSERT INTO patient(sin_number, patient_name, address, age, primary_doctor) VALUES ('187614564', 'Peter_Kostin', '187 Orange Boulevard', '80', 'D0007');
INSERT INTO patient(sin_number, patient_name, address, age, primary_doctor) VALUES ('115155740', 'Xandra_Holt', '143 Orange Boulevard', '50', 'D0008');
INSERT INTO patient(sin_number, patient_name, address, age, primary_doctor) VALUES ('115157574', 'Tiffany_Carmel', '122 Orange Boulevard', '56', 'D0002');
INSERT INTO patient(sin_number, patient_name, address, age, primary_doctor) VALUES ('159502605', 'Rachel_Ulysses', '145 Guava Lane', '35', 'D0010');
INSERT INTO patient(sin_number, patient_name, address, age, primary_doctor) VALUES ('126311529', 'Rachel_Fallion', '163 Guava Lane', '43', 'D0007');
INSERT INTO patient(sin_number, patient_name, address, age, primary_doctor) VALUES ('118640468', 'Stephanie_Lilliks', '143 Guava Lane', '69', 'D0007');
INSERT INTO patient(sin_number, patient_name, address, age, primary_doctor) VALUES ('166278289', 'Frank_Peters', '187 Plum Crescent', '62', 'D0005');
INSERT INTO patient(sin_number, patient_name, address, age, primary_doctor) VALUES ('148259240', 'Ian_Peters', '143 Rassberry Road', '68', 'D0001');
INSERT INTO patient(sin_number, patient_name, address, age, primary_doctor) VALUES ('105202457', 'Peter_Carmel', '123 Figg Road', '28', 'D0001');
INSERT INTO patient(sin_number, patient_name, address, age, primary_doctor) VALUES ('173962799', 'Frank_Fallion', '172 Guava Lane', '95', 'D0010');
INSERT INTO patient(sin_number, patient_name, address, age, primary_doctor) VALUES ('109190522', 'Edward_Mender', '174 Rassberry Road', '60', 'D0005');
INSERT INTO patient(sin_number, patient_name, address, age, primary_doctor) VALUES ('102603112', 'Bob_Yellins', '145 Cranberry Lane', '55', 'D0005');
INSERT INTO patient(sin_number, patient_name, address, age, primary_doctor) VALUES ('183598468', 'Theodore_Ollins', '133 Mango Place', '89', 'D0008');
INSERT INTO patient(sin_number, patient_name, address, age, primary_doctor) VALUES ('157694090', 'Carol_Peters', '138 Rassberry Road', '69', 'D0009');
INSERT INTO patient(sin_number, patient_name, address, age, primary_doctor) VALUES ('198612455', 'Undine_Xertz', '172 Banana Road', '74', 'D0006');
INSERT INTO patient(sin_number, patient_name, address, age, primary_doctor) VALUES ('145922969', 'Elizabeth_Yellins', '107 Cranberry Lane', '56', 'D0008');
INSERT INTO patient(sin_number, patient_name, address, age, primary_doctor) VALUES ('126683716', 'Denise_Guarin', '141 Apple Way', '43', 'D0005');
INSERT INTO patient(sin_number, patient_name, address, age, primary_doctor) VALUES ('132341646', 'Xandra_Yellins', '131 Durian Crescent', '63', 'D0006');
INSERT INTO patient(sin_number, patient_name, address, age, primary_doctor) VALUES ('173382519', 'Theodore_Peters', '110 Durian Crescent', '71', 'D0006');
INSERT INTO patient(sin_number, patient_name, address, age, primary_doctor) VALUES ('145045227', 'Lucille_Vernic', '142 Cranberry Lane', '34', 'D0003');
INSERT INTO patient(sin_number, patient_name, address, age, primary_doctor) VALUES ('107000250', 'Xavier_Zell', '156 Guava Lane', '89', 'D0004');
INSERT INTO patient(sin_number, patient_name, address, age, primary_doctor) VALUES ('140028284', 'George_Jaspers', '167 Orange Boulevard', '51', 'D0004');
INSERT INTO patient(sin_number, patient_name, address, age, primary_doctor) VALUES ('166767802', 'Carl_Guarin', '150 Plum Crescent', '44', 'D0007');
INSERT INTO patient(sin_number, patient_name, address, age, primary_doctor) VALUES ('132878068', 'George_Espen', '145 Mango Place', '86', 'D0008');
INSERT INTO patient(sin_number, patient_name, address, age, primary_doctor) VALUES ('116649301', 'Carl_Ilfit', '104 Rassberry Road', '78', 'D0010');
INSERT INTO patient(sin_number, patient_name, address, age, primary_doctor) VALUES ('169868240', 'Oscar_Guarin', '133 Durian Crescent', '84', 'D0010');
INSERT INTO patient(sin_number, patient_name, address, age, primary_doctor) VALUES ('146042922', 'Victoria_Fallion', '128 Cranberry Lane', '86', 'D0001');
INSERT INTO patient(sin_number, patient_name, address, age, primary_doctor) VALUES ('131195038', 'Theodore_Thierry', '125 Figg Road', '33', 'D0005');
INSERT INTO patient(sin_number, patient_name, address, age, primary_doctor) VALUES ('187326899', 'Xandra_Stevens', '139 Guava Lane', '76', 'D0009');
INSERT INTO patient(sin_number, patient_name, address, age, primary_doctor) VALUES ('163119051', 'Zachary_Thierry', '176 Cranberry Lane', '98', 'D0003');
INSERT INTO patient(sin_number, patient_name, address, age, primary_doctor) VALUES ('198025754', 'Victoria_Mender', '187 Orange Boulevard', '71', 'D0006');
INSERT INTO patient(sin_number, patient_name, address, age, primary_doctor) VALUES ('180257831', 'Peter_Abbott', '175 Guava Lane', '67', 'D0008');
INSERT INTO patient(sin_number, patient_name, address, age, primary_doctor) VALUES ('191992932', 'Felicity_Espen', '107 Apple Way', '84', 'D0007');
INSERT INTO patient(sin_number, patient_name, address, age, primary_doctor) VALUES ('195881382', 'Leonard_Yellins', '197 Mango Place', '51', 'D0003');
INSERT INTO patient(sin_number, patient_name, address, age, primary_doctor) VALUES ('142806672', 'Yolanda_Ross', '197 Figg Road', '80', 'D0002');
INSERT INTO patient(sin_number, patient_name, address, age, primary_doctor) VALUES ('163411774', 'Victoria_Novits', '138 Cranberry Lane', '99', 'D0006');
INSERT INTO patient(sin_number, patient_name, address, age, primary_doctor) VALUES ('133563192', 'Oscar_Ollins', '148 Cranberry Lane', '92', 'D0009');
INSERT INTO patient(sin_number, patient_name, address, age, primary_doctor) VALUES ('146449073', 'Beatrice_Lilliks', '165 Mango Place', '40', 'D0010');
INSERT INTO patient(sin_number, patient_name, address, age, primary_doctor) VALUES ('164372229', 'Olivia_Thierry', '199 Durian Crescent', '85', 'D0005');
INSERT INTO patient(sin_number, patient_name, address, age, primary_doctor) VALUES ('127780548', 'Zachary_Peters', '199 Plum Crescent', '24', 'D0004');

INSERT INTO company(company_name, phone_number) VALUES ('Abbelcor', '582-496-233');
INSERT INTO company(company_name, phone_number) VALUES ('Bigelstine', '780-544-628');
INSERT INTO company(company_name, phone_number) VALUES ('Crenborr', '804-462-150');
INSERT INTO company(company_name, phone_number) VALUES ('Discus', '586-484-668');
INSERT INTO company(company_name, phone_number) VALUES ('Espurr', '449-600-777');
INSERT INTO company(company_name, phone_number) VALUES ('Gladiss', '101-918-581');
INSERT INTO company(company_name, phone_number) VALUES ('Hort', '993-106-748');
INSERT INTO company(company_name, phone_number) VALUES ('Intillis', '890-102-852');
INSERT INTO company(company_name, phone_number) VALUES ('Jolport', '490-486-875');
INSERT INTO company(company_name, phone_number) VALUES ('Klanvir', '716-233-819');

INSERT INTO pharmacy(pharmacy_name, address, phone_number) VALUES ('P0001', '118 Cranberry Lane', '864-855-702');
INSERT INTO pharmacy(pharmacy_name, address, phone_number) VALUES ('P0002', '140 Banana Road', '203-896-969');
INSERT INTO pharmacy(pharmacy_name, address, phone_number) VALUES ('P0003', '148 Durian Crescent', '662-523-880');
INSERT INTO pharmacy(pharmacy_name, address, phone_number) VALUES ('P0004', '188 Guava Lane', '392-770-958');
INSERT INTO pharmacy(pharmacy_name, address, phone_number) VALUES ('P0005', '176 Mango Place', '241-801-998');
INSERT INTO pharmacy(pharmacy_name, address, phone_number) VALUES ('P0006', '182 Rassberry Road', '216-251-348');
INSERT INTO pharmacy(pharmacy_name, address, phone_number) VALUES ('P0007', '155 Apple Way', '405-116-182');
INSERT INTO pharmacy(pharmacy_name, address, phone_number) VALUES ('P0008', '142 Mango Place', '531-238-480');
INSERT INTO pharmacy(pharmacy_name, address, phone_number) VALUES ('P0009', '141 Plum Crescent', '161-582-698');
INSERT INTO pharmacy(pharmacy_name, address, phone_number) VALUES ('P0010', '101 Figg Road', '911-393-476');

INSERT INTO drug(trade_name, formula, company_name) VALUES ('A12345', '...', 'Abbelcor');
INSERT INTO drug(trade_name, formula, company_name) VALUES ('B23456', '...', 'Bigelstine');
INSERT INTO drug(trade_name, formula, company_name) VALUES ('C34567', '...', 'Crenborr');
INSERT INTO drug(trade_name, formula, company_name) VALUES ('D45678', '...', 'Discus');
INSERT INTO drug(trade_name, formula, company_name) VALUES ('E56789', '...', 'Espurr');
INSERT INTO drug(trade_name, formula, company_name) VALUES ('F67890', '...', 'Gladiss');
INSERT INTO drug(trade_name, formula, company_name) VALUES ('G78901', '...', 'Hort');
INSERT INTO drug(trade_name, formula, company_name) VALUES ('H89012', '...', 'Intillis');
INSERT INTO drug(trade_name, formula, company_name) VALUES ('I90123', '...', 'Jolport');
INSERT INTO drug(trade_name, formula, company_name) VALUES ('J01234', '...', 'Klanvir');

INSERT INTO product(drug, sold_at, company_name, price) VALUES ('C34567', 'P0002', 'Crenborr', '57.00');
INSERT INTO product(drug, sold_at, company_name, price) VALUES ('B23456', 'P0002', 'Bigelstine', '42.00');
INSERT INTO product(drug, sold_at, company_name, price) VALUES ('E56789', 'P0001', 'Espurr', '51.00');
INSERT INTO product(drug, sold_at, company_name, price) VALUES ('E56789', 'P0008', 'Espurr', '25.00');
INSERT INTO product(drug, sold_at, company_name, price) VALUES ('B23456', 'P0005', 'Bigelstine', '31.00');
INSERT INTO product(drug, sold_at, company_name, price) VALUES ('E56789', 'P0002', 'Espurr', '48.00');
INSERT INTO product(drug, sold_at, company_name, price) VALUES ('A12345', 'P0007', 'Abbelcor', '18.00');
INSERT INTO product(drug, sold_at, company_name, price) VALUES ('J01234', 'P0007', 'Klanvir', '13.00');
INSERT INTO product(drug, sold_at, company_name, price) VALUES ('B23456', 'P0004', 'Bigelstine', '54.00');
INSERT INTO product(drug, sold_at, company_name, price) VALUES ('B23456', 'P0004', 'Bigelstine', '40.00');
INSERT INTO product(drug, sold_at, company_name, price) VALUES ('D45678', 'P0007', 'Discus', '19.00');
INSERT INTO product(drug, sold_at, company_name, price) VALUES ('A12345', 'P0006', 'Abbelcor', '43.00');
INSERT INTO product(drug, sold_at, company_name, price) VALUES ('J01234', 'P0005', 'Klanvir', '11.00');
INSERT INTO product(drug, sold_at, company_name, price) VALUES ('C34567', 'P0010', 'Crenborr', '18.00');
INSERT INTO product(drug, sold_at, company_name, price) VALUES ('A12345', 'P0005', 'Abbelcor', '32.00');
INSERT INTO product(drug, sold_at, company_name, price) VALUES ('I90123', 'P0005', 'Jolport', '19.00');
INSERT INTO product(drug, sold_at, company_name, price) VALUES ('J01234', 'P0007', 'Klanvir', '50.00');
INSERT INTO product(drug, sold_at, company_name, price) VALUES ('F67890', 'P0008', 'Gladiss', '32.00');
INSERT INTO product(drug, sold_at, company_name, price) VALUES ('G78901', 'P0003', 'Hort', '26.00');
INSERT INTO product(drug, sold_at, company_name, price) VALUES ('G78901', 'P0008', 'Hort', '13.00');

INSERT INTO contract(pharmacy_name, company_name, start_date, end_date, text, supervisor) VALUES ('P0001', 'Abbelcor', '2018-6-31', '2019-0-31', '...', 'Oscar_Ulysses');
INSERT INTO contract(pharmacy_name, company_name, start_date, end_date, text, supervisor) VALUES ('P0002', 'Abbelcor', '2016-9-22', '2019-5-16', '...', 'Quentin_Ollins');
INSERT INTO contract(pharmacy_name, company_name, start_date, end_date, text, supervisor) VALUES ('P0003', 'Abbelcor', '2016-9-14', '2021-5-1', '...', 'Mitchell_Peters');
INSERT INTO contract(pharmacy_name, company_name, start_date, end_date, text, supervisor) VALUES ('P0004', 'Abbelcor', '2017-6-7', '2019-4-30', '...', 'Victoria_Peters');
INSERT INTO contract(pharmacy_name, company_name, start_date, end_date, text, supervisor) VALUES ('P0005', 'Abbelcor', '2017-0-19', '2018-9-13', '...', 'Carol_Zell');
INSERT INTO contract(pharmacy_name, company_name, start_date, end_date, text, supervisor) VALUES ('P0006', 'Abbelcor', '2017-8-5', '2021-2-6', '...', 'Ian_Guarin');
INSERT INTO contract(pharmacy_name, company_name, start_date, end_date, text, supervisor) VALUES ('P0007', 'Abbelcor', '2017-8-17', '2019-6-30', '...', 'Elizabeth_Vernic');
INSERT INTO contract(pharmacy_name, company_name, start_date, end_date, text, supervisor) VALUES ('P0008', 'Abbelcor', '2016-2-25', '2019-7-15', '...', 'Wendy_Vernic');
INSERT INTO contract(pharmacy_name, company_name, start_date, end_date, text, supervisor) VALUES ('P0009', 'Abbelcor', '2017-0-12', '2019-3-15', '...', 'Xavier_Ulysses');
INSERT INTO contract(pharmacy_name, company_name, start_date, end_date, text, supervisor) VALUES ('P0010', 'Abbelcor', '2017-9-29', '2021-4-12', '...', 'Olivia_Kostin');
INSERT INTO contract(pharmacy_name, company_name, start_date, end_date, text, supervisor) VALUES ('P0001', 'Bigelstine', '2016-10-15', '2021-1-3', '...', 'Yolanda_Ollins');
INSERT INTO contract(pharmacy_name, company_name, start_date, end_date, text, supervisor) VALUES ('P0002', 'Bigelstine', '2016-9-13', '2020-7-26', '...', 'Leonard_Ollins');
INSERT INTO contract(pharmacy_name, company_name, start_date, end_date, text, supervisor) VALUES ('P0003', 'Bigelstine', '2017-0-6', '2020-7-21', '...', 'Xavier_Vernic');
INSERT INTO contract(pharmacy_name, company_name, start_date, end_date, text, supervisor) VALUES ('P0004', 'Bigelstine', '2018-1-6', '2019-5-3', '...', 'Shawn_Thierry');
INSERT INTO contract(pharmacy_name, company_name, start_date, end_date, text, supervisor) VALUES ('P0005', 'Bigelstine', '2018-6-1', '2020-5-15', '...', 'Olivia_Fallion');
INSERT INTO contract(pharmacy_name, company_name, start_date, end_date, text, supervisor) VALUES ('P0006', 'Bigelstine', '2016-3-25', '2020-5-23', '...', 'Xandra_Ross');
INSERT INTO contract(pharmacy_name, company_name, start_date, end_date, text, supervisor) VALUES ('P0007', 'Bigelstine', '2016-8-9', '2018-11-27', '...', 'Leonard_Peters');
INSERT INTO contract(pharmacy_name, company_name, start_date, end_date, text, supervisor) VALUES ('P0008', 'Bigelstine', '2017-0-25', '2019-9-26', '...', 'Alexander_Xertz');
INSERT INTO contract(pharmacy_name, company_name, start_date, end_date, text, supervisor) VALUES ('P0009', 'Bigelstine', '2017-7-3', '2020-8-28', '...', 'Theodore_Quill');
INSERT INTO contract(pharmacy_name, company_name, start_date, end_date, text, supervisor) VALUES ('P0010', 'Bigelstine', '2018-1-28', '2020-4-19', '...', 'Zara_Vernic');
INSERT INTO contract(pharmacy_name, company_name, start_date, end_date, text, supervisor) VALUES ('P0001', 'Crenborr', '2018-1-23', '2019-11-22', '...', 'Alexander_Xertz');
INSERT INTO contract(pharmacy_name, company_name, start_date, end_date, text, supervisor) VALUES ('P0002', 'Crenborr', '2018-6-23', '2020-7-15', '...', 'Umberto_Holt');
INSERT INTO contract(pharmacy_name, company_name, start_date, end_date, text, supervisor) VALUES ('P0003', 'Crenborr', '2017-3-4', '2019-3-19', '...', 'George_Ulysses');
INSERT INTO contract(pharmacy_name, company_name, start_date, end_date, text, supervisor) VALUES ('P0004', 'Crenborr', '2016-3-7', '2020-8-22', '...', 'Kevin_Ulysses');
INSERT INTO contract(pharmacy_name, company_name, start_date, end_date, text, supervisor) VALUES ('P0005', 'Crenborr', '2017-8-2', '2020-8-7', '...', 'Quentin_Peters');
INSERT INTO contract(pharmacy_name, company_name, start_date, end_date, text, supervisor) VALUES ('P0006', 'Crenborr', '2016-6-18', '2018-9-18', '...', 'Quentin_Espen');
INSERT INTO contract(pharmacy_name, company_name, start_date, end_date, text, supervisor) VALUES ('P0007', 'Crenborr', '2016-5-26', '2019-5-25', '...', 'Quinn_Espen');
INSERT INTO contract(pharmacy_name, company_name, start_date, end_date, text, supervisor) VALUES ('P0008', 'Crenborr', '2018-5-21', '2018-10-9', '...', 'Carl_Dover');
INSERT INTO contract(pharmacy_name, company_name, start_date, end_date, text, supervisor) VALUES ('P0009', 'Crenborr', '2018-3-14', '2019-6-27', '...', 'Quinn_Fallion');
INSERT INTO contract(pharmacy_name, company_name, start_date, end_date, text, supervisor) VALUES ('P0010', 'Crenborr', '2017-2-25', '2020-3-6', '...', 'Xandra_Carmel');
INSERT INTO contract(pharmacy_name, company_name, start_date, end_date, text, supervisor) VALUES ('P0001', 'Discus', '2017-2-19', '2019-7-30', '...', 'Vincent_Kostin');
INSERT INTO contract(pharmacy_name, company_name, start_date, end_date, text, supervisor) VALUES ('P0002', 'Discus', '2017-8-27', '2020-3-18', '...', 'George_Thierry');
INSERT INTO contract(pharmacy_name, company_name, start_date, end_date, text, supervisor) VALUES ('P0003', 'Discus', '2018-4-21', '2018-9-13', '...', 'Shawn_Vernic');
INSERT INTO contract(pharmacy_name, company_name, start_date, end_date, text, supervisor) VALUES ('P0004', 'Discus', '2016-11-6', '2021-3-24', '...', 'Noah_Brosseau');
INSERT INTO contract(pharmacy_name, company_name, start_date, end_date, text, supervisor) VALUES ('P0005', 'Discus', '2018-5-18', '2019-8-10', '...', 'Carol_Abbott');
INSERT INTO contract(pharmacy_name, company_name, start_date, end_date, text, supervisor) VALUES ('P0006', 'Discus', '2017-10-19', '2018-9-31', '...', 'Stephanie_Xertz');
INSERT INTO contract(pharmacy_name, company_name, start_date, end_date, text, supervisor) VALUES ('P0007', 'Discus', '2018-4-19', '2018-9-23', '...', 'Pricilla_Kostin');
INSERT INTO contract(pharmacy_name, company_name, start_date, end_date, text, supervisor) VALUES ('P0008', 'Discus', '2016-8-23', '2019-3-6', '...', 'Jeff_Kostin');
INSERT INTO contract(pharmacy_name, company_name, start_date, end_date, text, supervisor) VALUES ('P0009', 'Discus', '2017-2-19', '2019-9-18', '...', 'Zara_Mender');
INSERT INTO contract(pharmacy_name, company_name, start_date, end_date, text, supervisor) VALUES ('P0010', 'Discus', '2018-4-3', '2019-9-22', '...', 'Peter_Kostin');
INSERT INTO contract(pharmacy_name, company_name, start_date, end_date, text, supervisor) VALUES ('P0001', 'Espurr', '2017-0-7', '2020-10-2', '...', 'Margaret_Xertz');
INSERT INTO contract(pharmacy_name, company_name, start_date, end_date, text, supervisor) VALUES ('P0002', 'Espurr', '2016-3-13', '2020-11-16', '...', 'Olivia_Mender');
INSERT INTO contract(pharmacy_name, company_name, start_date, end_date, text, supervisor) VALUES ('P0003', 'Espurr', '2016-7-3', '2019-8-13', '...', 'Vincent_Lilliks');
INSERT INTO contract(pharmacy_name, company_name, start_date, end_date, text, supervisor) VALUES ('P0004', 'Espurr', '2017-8-20', '2019-7-23', '...', 'Julia_Dover');
INSERT INTO contract(pharmacy_name, company_name, start_date, end_date, text, supervisor) VALUES ('P0005', 'Espurr', '2017-4-17', '2020-11-26', '...', 'Umberto_Lilliks');
INSERT INTO contract(pharmacy_name, company_name, start_date, end_date, text, supervisor) VALUES ('P0006', 'Espurr', '2016-2-15', '2019-1-17', '...', 'Carl_Zell');
INSERT INTO contract(pharmacy_name, company_name, start_date, end_date, text, supervisor) VALUES ('P0007', 'Espurr', '2017-7-26', '2020-6-18', '...', 'Bob_Peters');
INSERT INTO contract(pharmacy_name, company_name, start_date, end_date, text, supervisor) VALUES ('P0008', 'Espurr', '2016-11-20', '2020-9-31', '...', 'Beatrice_Carmel');
INSERT INTO contract(pharmacy_name, company_name, start_date, end_date, text, supervisor) VALUES ('P0009', 'Espurr', '2017-11-24', '2021-2-22', '...', 'Carol_Novits');
INSERT INTO contract(pharmacy_name, company_name, start_date, end_date, text, supervisor) VALUES ('P0010', 'Espurr', '2016-10-12', '2021-2-21', '...', 'Genevieve_Dover');
INSERT INTO contract(pharmacy_name, company_name, start_date, end_date, text, supervisor) VALUES ('P0001', 'Gladiss', '2017-2-26', '2019-9-8', '...', 'Victoria_Kostin');
INSERT INTO contract(pharmacy_name, company_name, start_date, end_date, text, supervisor) VALUES ('P0002', 'Gladiss', '2016-8-15', '2020-7-18', '...', 'Kasey_Mender');
INSERT INTO contract(pharmacy_name, company_name, start_date, end_date, text, supervisor) VALUES ('P0003', 'Gladiss', '2018-9-4', '2021-3-27', '...', 'Elizabeth_Ulysses');
INSERT INTO contract(pharmacy_name, company_name, start_date, end_date, text, supervisor) VALUES ('P0004', 'Gladiss', '2017-8-12', '2019-11-28', '...', 'Harold_Lilliks');
INSERT INTO contract(pharmacy_name, company_name, start_date, end_date, text, supervisor) VALUES ('P0005', 'Gladiss', '2016-8-29', '2020-4-28', '...', 'Wendy_Fallion');
INSERT INTO contract(pharmacy_name, company_name, start_date, end_date, text, supervisor) VALUES ('P0006', 'Gladiss', '2018-7-5', '2020-8-16', '...', 'Derrick_Thierry');
INSERT INTO contract(pharmacy_name, company_name, start_date, end_date, text, supervisor) VALUES ('P0007', 'Gladiss', '2017-1-18', '2018-9-8', '...', 'Rachel_Abbott');
INSERT INTO contract(pharmacy_name, company_name, start_date, end_date, text, supervisor) VALUES ('P0008', 'Gladiss', '2017-3-6', '2021-4-22', '...', 'Julia_Quill');
INSERT INTO contract(pharmacy_name, company_name, start_date, end_date, text, supervisor) VALUES ('P0009', 'Gladiss', '2017-4-30', '2018-11-3', '...', 'Richard_Kostin');
INSERT INTO contract(pharmacy_name, company_name, start_date, end_date, text, supervisor) VALUES ('P0010', 'Gladiss', '2017-1-5', '2018-10-26', '...', 'Shawn_Ross');
INSERT INTO contract(pharmacy_name, company_name, start_date, end_date, text, supervisor) VALUES ('P0001', 'Hort', '2018-2-21', '2021-3-4', '...', 'Derrick_Guarin');
INSERT INTO contract(pharmacy_name, company_name, start_date, end_date, text, supervisor) VALUES ('P0002', 'Hort', '2017-2-10', '2020-1-25', '...', 'Zara_Peters');
INSERT INTO contract(pharmacy_name, company_name, start_date, end_date, text, supervisor) VALUES ('P0003', 'Hort', '2018-5-11', '2019-8-9', '...', 'Felicity_Lilliks');
INSERT INTO contract(pharmacy_name, company_name, start_date, end_date, text, supervisor) VALUES ('P0004', 'Hort', '2016-8-21', '2019-9-5', '...', 'Lucille_Espen');
INSERT INTO contract(pharmacy_name, company_name, start_date, end_date, text, supervisor) VALUES ('P0005', 'Hort', '2018-5-19', '2021-0-23', '...', 'Victoria_Fallion');
INSERT INTO contract(pharmacy_name, company_name, start_date, end_date, text, supervisor) VALUES ('P0006', 'Hort', '2018-5-7', '2019-11-13', '...', 'Xandra_Espen');
INSERT INTO contract(pharmacy_name, company_name, start_date, end_date, text, supervisor) VALUES ('P0007', 'Hort', '2017-11-27', '2020-6-2', '...', 'Peter_Kostin');
INSERT INTO contract(pharmacy_name, company_name, start_date, end_date, text, supervisor) VALUES ('P0008', 'Hort', '2018-2-29', '2020-11-11', '...', 'Pricilla_Kostin');
INSERT INTO contract(pharmacy_name, company_name, start_date, end_date, text, supervisor) VALUES ('P0009', 'Hort', '2016-1-20', '2019-5-18', '...', 'Carl_Willums');
INSERT INTO contract(pharmacy_name, company_name, start_date, end_date, text, supervisor) VALUES ('P0010', 'Hort', '2018-4-19', '2021-2-29', '...', 'Quentin_Zell');
INSERT INTO contract(pharmacy_name, company_name, start_date, end_date, text, supervisor) VALUES ('P0001', 'Intillis', '2017-1-5', '2021-2-20', '...', 'Zara_Ollins');
INSERT INTO contract(pharmacy_name, company_name, start_date, end_date, text, supervisor) VALUES ('P0002', 'Intillis', '2017-0-23', '2019-0-9', '...', 'Felicity_Brosseau');
INSERT INTO contract(pharmacy_name, company_name, start_date, end_date, text, supervisor) VALUES ('P0003', 'Intillis', '2018-3-17', '2021-1-4', '...', 'Carol_Ilfit');
INSERT INTO contract(pharmacy_name, company_name, start_date, end_date, text, supervisor) VALUES ('P0004', 'Intillis', '2016-7-26', '2019-11-22', '...', 'George_Jaspers');
INSERT INTO contract(pharmacy_name, company_name, start_date, end_date, text, supervisor) VALUES ('P0005', 'Intillis', '2016-6-19', '2019-10-5', '...', 'Richard_Quill');
INSERT INTO contract(pharmacy_name, company_name, start_date, end_date, text, supervisor) VALUES ('P0006', 'Intillis', '2017-8-9', '2020-11-13', '...', 'Denise_Ollins');
INSERT INTO contract(pharmacy_name, company_name, start_date, end_date, text, supervisor) VALUES ('P0007', 'Intillis', '2017-5-20', '2019-7-24', '...', 'Undine_Novits');
INSERT INTO contract(pharmacy_name, company_name, start_date, end_date, text, supervisor) VALUES ('P0008', 'Intillis', '2017-9-7', '2019-1-26', '...', 'William_Holt');
INSERT INTO contract(pharmacy_name, company_name, start_date, end_date, text, supervisor) VALUES ('P0009', 'Intillis', '2017-11-19', '2020-0-31', '...', 'Denise_Dover');
INSERT INTO contract(pharmacy_name, company_name, start_date, end_date, text, supervisor) VALUES ('P0010', 'Intillis', '2018-4-15', '2018-11-7', '...', 'Noah_Xertz');
INSERT INTO contract(pharmacy_name, company_name, start_date, end_date, text, supervisor) VALUES ('P0001', 'Jolport', '2016-5-19', '2020-6-11', '...', 'Kevin_Zell');
INSERT INTO contract(pharmacy_name, company_name, start_date, end_date, text, supervisor) VALUES ('P0002', 'Jolport', '2017-11-11', '2020-3-29', '...', 'Xavier_Peters');
INSERT INTO contract(pharmacy_name, company_name, start_date, end_date, text, supervisor) VALUES ('P0003', 'Jolport', '2016-3-13', '2019-6-30', '...', 'Ian_Zell');
INSERT INTO contract(pharmacy_name, company_name, start_date, end_date, text, supervisor) VALUES ('P0004', 'Jolport', '2018-3-18', '2019-7-20', '...', 'Rachel_Ilfit');
INSERT INTO contract(pharmacy_name, company_name, start_date, end_date, text, supervisor) VALUES ('P0005', 'Jolport', '2017-1-14', '2019-8-23', '...', 'Vincent_Mender');
INSERT INTO contract(pharmacy_name, company_name, start_date, end_date, text, supervisor) VALUES ('P0006', 'Jolport', '2017-7-12', '2019-2-23', '...', 'William_Fallion');
INSERT INTO contract(pharmacy_name, company_name, start_date, end_date, text, supervisor) VALUES ('P0007', 'Jolport', '2016-5-20', '2020-11-2', '...', 'Ingrid_Lilliks');
INSERT INTO contract(pharmacy_name, company_name, start_date, end_date, text, supervisor) VALUES ('P0008', 'Jolport', '2016-10-9', '2021-2-19', '...', 'Bob_Zell');
INSERT INTO contract(pharmacy_name, company_name, start_date, end_date, text, supervisor) VALUES ('P0009', 'Jolport', '2016-2-26', '2020-3-19', '...', 'Jeff_Mender');
INSERT INTO contract(pharmacy_name, company_name, start_date, end_date, text, supervisor) VALUES ('P0010', 'Jolport', '2017-11-11', '2019-4-30', '...', 'Frank_Ulysses');
INSERT INTO contract(pharmacy_name, company_name, start_date, end_date, text, supervisor) VALUES ('P0001', 'Klanvir', '2018-5-4', '2019-2-31', '...', 'Frank_Zell');
INSERT INTO contract(pharmacy_name, company_name, start_date, end_date, text, supervisor) VALUES ('P0002', 'Klanvir', '2017-0-23', '2018-10-5', '...', 'Shawn_Carmel');
INSERT INTO contract(pharmacy_name, company_name, start_date, end_date, text, supervisor) VALUES ('P0003', 'Klanvir', '2016-8-15', '2019-9-31', '...', 'Noemie_Ollins');
INSERT INTO contract(pharmacy_name, company_name, start_date, end_date, text, supervisor) VALUES ('P0004', 'Klanvir', '2016-9-17', '2019-1-17', '...', 'Xandra_Ross');
INSERT INTO contract(pharmacy_name, company_name, start_date, end_date, text, supervisor) VALUES ('P0005', 'Klanvir', '2017-11-30', '2021-2-27', '...', 'Felicity_Peters');
INSERT INTO contract(pharmacy_name, company_name, start_date, end_date, text, supervisor) VALUES ('P0006', 'Klanvir', '2018-2-7', '2020-11-12', '...', 'Vincent_Peters');
INSERT INTO contract(pharmacy_name, company_name, start_date, end_date, text, supervisor) VALUES ('P0007', 'Klanvir', '2016-4-24', '2019-0-6', '...', 'Frank_Ollins');
INSERT INTO contract(pharmacy_name, company_name, start_date, end_date, text, supervisor) VALUES ('P0008', 'Klanvir', '2018-1-11', '2020-9-11', '...', 'Julia_Ollins');
INSERT INTO contract(pharmacy_name, company_name, start_date, end_date, text, supervisor) VALUES ('P0009', 'Klanvir', '2018-4-3', '2018-11-15', '...', 'Zachary_Ilfit');
INSERT INTO contract(pharmacy_name, company_name, start_date, end_date, text, supervisor) VALUES ('P0010', 'Klanvir', '2016-9-19', '2019-10-8', '...', 'Genevieve_Mender');

INSERT INTO prescription(drug, patient_name, doctor_name, given_date, quantity) VALUES ('E56789', 'Peter_Carmel', 'D0010', '2018-6-25', '95');
INSERT INTO prescription(drug, patient_name, doctor_name, given_date, quantity) VALUES ('C34567', 'Carol_Peters', 'D0006', '2018-9-3', '32');
INSERT INTO prescription(drug, patient_name, doctor_name, given_date, quantity) VALUES ('A12345', 'Edward_Jaspers', 'D0010', '2018-8-23', '53');
INSERT INTO prescription(drug, patient_name, doctor_name, given_date, quantity) VALUES ('H89012', 'Carol_Peters', 'D0009', '2018-7-11', '32');
INSERT INTO prescription(drug, patient_name, doctor_name, given_date, quantity) VALUES ('H89012', 'Xavier_Zell', 'D0010', '2018-9-2', '52');
INSERT INTO prescription(drug, patient_name, doctor_name, given_date, quantity) VALUES ('H89012', 'Xandra_Holt', 'D0009', '2018-6-23', '109');
INSERT INTO prescription(drug, patient_name, doctor_name, given_date, quantity) VALUES ('B23456', 'Tiffany_Carmel', 'D0001', '2018-8-14', '44');
INSERT INTO prescription(drug, patient_name, doctor_name, given_date, quantity) VALUES ('C34567', 'Theodore_Peters', 'D0010', '2018-8-25', '29');
INSERT INTO prescription(drug, patient_name, doctor_name, given_date, quantity) VALUES ('F67890', 'Denise_Guarin', 'D0001', '2018-7-21', '24');
INSERT INTO prescription(drug, patient_name, doctor_name, given_date, quantity) VALUES ('G78901', 'Lucille_Vernic', 'D0007', '2018-6-25', '47');
INSERT INTO prescription(drug, patient_name, doctor_name, given_date, quantity) VALUES ('G78901', 'Edward_Mender', 'D0010', '2018-8-12', '63');
INSERT INTO prescription(drug, patient_name, doctor_name, given_date, quantity) VALUES ('I90123', 'Zachary_Peters', 'D0006', '2018-7-28', '45');
INSERT INTO prescription(drug, patient_name, doctor_name, given_date, quantity) VALUES ('H89012', 'George_Espen', 'D0010', '2018-7-29', '54');
INSERT INTO prescription(drug, patient_name, doctor_name, given_date, quantity) VALUES ('H89012', 'Victoria_Novits', 'D0002', '2018-8-13', '32');
INSERT INTO prescription(drug, patient_name, doctor_name, given_date, quantity) VALUES ('I90123', 'Theodore_Peters', 'D0004', '2018-7-16', '112');
INSERT INTO prescription(drug, patient_name, doctor_name, given_date, quantity) VALUES ('F67890', 'Xavier_Vernic', 'D0004', '2018-7-27', '41');
INSERT INTO prescription(drug, patient_name, doctor_name, given_date, quantity) VALUES ('F67890', 'Ian_Peters', 'D0010', '2018-8-16', '97');
INSERT INTO prescription(drug, patient_name, doctor_name, given_date, quantity) VALUES ('H89012', 'Rachel_Ulysses', 'D0007', '2018-7-25', '95');
INSERT INTO prescription(drug, patient_name, doctor_name, given_date, quantity) VALUES ('B23456', 'Rachel_Fallion', 'D0007', '2018-6-26', '90');
INSERT INTO prescription(drug, patient_name, doctor_name, given_date, quantity) VALUES ('J01234', 'Carl_Ilfit', 'D0008', '2018-6-19', '20');
INSERT INTO prescription(drug, patient_name, doctor_name, given_date, quantity) VALUES ('B23456', 'Peter_Ulysses', 'D0008', '2018-7-7', '98');
INSERT INTO prescription(drug, patient_name, doctor_name, given_date, quantity) VALUES ('G78901', 'Xandra_Stevens', 'D0004', '2018-6-25', '117');
INSERT INTO prescription(drug, patient_name, doctor_name, given_date, quantity) VALUES ('F67890', 'Victoria_Mender', 'D0004', '2018-7-21', '21');
INSERT INTO prescription(drug, patient_name, doctor_name, given_date, quantity) VALUES ('I90123', 'Denise_Guarin', 'D0009', '2018-6-10', '40');
INSERT INTO prescription(drug, patient_name, doctor_name, given_date, quantity) VALUES ('H89012', 'Carl_Ilfit', 'D0010', '2018-6-27', '113');
